pid,faceid,familiar,PI20,RT
ppt_1,face_40,1.0,1.2097087424142468,252.37319921822518
ppt_1,face_18,1.0,1.2097087424142468,468.29138002692355
ppt_1,face_38,1.0,1.2097087424142468,310.4379957777708
ppt_1,face_3,0.0,1.2097087424142468,326.29074445360857
ppt_1,face_22,1.0,1.2097087424142468,343.34883106597
ppt_1,face_34,1.0,1.2097087424142468,329.8803677211922
ppt_1,face_9,0.0,1.2097087424142468,463.57128228605717
ppt_1,face_31,0.0,1.2097087424142468,399.9316197430337
ppt_1,face_23,0.0,1.2097087424142468,387.7037890856204
ppt_1,face_29,0.0,1.2097087424142468,330.5797534485816
ppt_1,face_12,1.0,1.2097087424142468,141.85566307228964
ppt_1,face_19,0.0,1.2097087424142468,337.0818812084415
ppt_1,face_27,0.0,1.2097087424142468,280.4887364839351
ppt_1,face_25,0.0,1.2097087424142468,364.51116040420607
ppt_1,face_13,0.0,1.2097087424142468,317.50010998746706
ppt_1,face_4,1.0,1.2097087424142468,162.70293842627927
ppt_1,face_21,0.0,1.2097087424142468,441.40276142607934
ppt_1,face_17,0.0,1.2097087424142468,472.27992055454297
ppt_1,face_37,0.0,1.2097087424142468,447.9458723607575
ppt_1,face_24,1.0,1.2097087424142468,276.3542551443488
ppt_1,face_6,1.0,1.2097087424142468,441.7635385797103
ppt_1,face_2,1.0,1.2097087424142468,245.41470504020148
ppt_1,face_10,1.0,1.2097087424142468,393.2165163841357
ppt_1,face_14,1.0,1.2097087424142468,310.6097325414234
ppt_1,face_30,1.0,1.2097087424142468,400.35144927713264
ppt_1,face_5,0.0,1.2097087424142468,284.1845345025367
ppt_1,face_16,1.0,1.2097087424142468,263.4077299566772
ppt_1,face_7,0.0,1.2097087424142468,361.14251322122925
ppt_10,face_19,0.0,0.755770926922332,381.2686204055509
ppt_10,face_32,1.0,0.755770926922332,371.76693685209017
ppt_10,face_39,0.0,0.755770926922332,317.74786018322834
ppt_10,face_26,1.0,0.755770926922332,389.15137953255305
ppt_10,face_12,1.0,0.755770926922332,364.49996912291965
ppt_10,face_7,0.0,0.755770926922332,444.9800872673472
ppt_10,face_8,1.0,0.755770926922332,296.73917028543457
ppt_10,face_4,1.0,0.755770926922332,360.51073644175597
ppt_10,face_9,0.0,0.755770926922332,444.4727954164382
ppt_10,face_18,1.0,0.755770926922332,531.739597306181
ppt_10,face_33,0.0,0.755770926922332,217.56934740675374
ppt_10,face_35,0.0,0.755770926922332,461.87062084277267
ppt_10,face_28,1.0,0.755770926922332,504.5158530688388
ppt_10,face_2,1.0,0.755770926922332,457.16738050372004
ppt_10,face_10,1.0,0.755770926922332,389.3520934802013
ppt_10,face_22,1.0,0.755770926922332,401.53730653613115
ppt_10,face_29,0.0,0.755770926922332,386.6753674054829
ppt_10,face_5,0.0,0.755770926922332,433.780403824143
ppt_10,face_13,0.0,0.755770926922332,482.10079695250784
ppt_10,face_6,1.0,0.755770926922332,527.1159021222678
ppt_10,face_20,1.0,0.755770926922332,436.3443403957579
ppt_10,face_16,1.0,0.755770926922332,438.1516664816482
ppt_10,face_36,1.0,0.755770926922332,329.36163800891813
ppt_10,face_17,0.0,0.755770926922332,593.3441952505681
ppt_10,face_30,1.0,0.755770926922332,448.3157533772236
ppt_10,face_21,0.0,0.755770926922332,459.1513238359394
ppt_11,face_12,1.0,1.259119317085822,264.69797199587214
ppt_11,face_8,1.0,1.259119317085822,165.9400860539218
ppt_11,face_20,1.0,1.259119317085822,214.74577770699926
ppt_11,face_39,0.0,1.259119317085822,380.84818492748735
ppt_11,face_7,0.0,1.259119317085822,387.4239455904768
ppt_11,face_31,0.0,1.259119317085822,303.9570880750779
ppt_11,face_6,1.0,1.259119317085822,347.9879175748023
ppt_11,face_36,1.0,1.259119317085822,260.150190989916
ppt_11,face_11,0.0,1.259119317085822,406.7005596714029
ppt_11,face_18,1.0,1.259119317085822,406.62706684540876
ppt_11,face_26,1.0,1.259119317085822,135.42513570097023
ppt_11,face_14,1.0,1.259119317085822,373.2517448589493
ppt_11,face_16,1.0,1.259119317085822,281.4405931511171
ppt_11,face_3,0.0,1.259119317085822,237.1034274816831
ppt_11,face_22,1.0,1.259119317085822,427.1869716380452
ppt_11,face_21,0.0,1.259119317085822,615.7732983042525
ppt_11,face_19,0.0,1.259119317085822,308.7776833318829
ppt_11,face_23,0.0,1.259119317085822,475.716238753354
ppt_11,face_4,1.0,1.259119317085822,314.7085236578431
ppt_11,face_27,0.0,1.259119317085822,351.4010773141122
ppt_11,face_29,0.0,1.259119317085822,375.73495930368864
ppt_11,face_40,1.0,1.259119317085822,236.18338555228846
ppt_11,face_25,0.0,1.259119317085822,460.43282012016806
ppt_11,face_10,1.0,1.259119317085822,372.0040085187145
ppt_11,face_32,1.0,1.259119317085822,266.64844650053163
ppt_11,face_1,0.0,1.259119317085822,132.45515293730614
ppt_11,face_24,1.0,1.259119317085822,395.73456713055583
ppt_11,face_2,1.0,1.259119317085822,391.8004481278042
ppt_11,face_9,0.0,1.259119317085822,385.4168084963635
ppt_11,face_28,1.0,1.259119317085822,348.076147426448
ppt_11,face_37,0.0,1.259119317085822,490.86018954526713
ppt_12,face_13,0.0,-0.6909578910887197,301.05422079631745
ppt_12,face_3,0.0,-0.6909578910887197,417.8948892560096
ppt_12,face_15,0.0,-0.6909578910887197,277.20249305453126
ppt_12,face_4,1.0,-0.6909578910887197,311.0375774189395
ppt_12,face_31,0.0,-0.6909578910887197,243.1552633918138
ppt_12,face_16,1.0,-0.6909578910887197,163.5006345713082
ppt_12,face_28,1.0,-0.6909578910887197,201.72400762312023
ppt_12,face_1,0.0,-0.6909578910887197,332.765414669895
ppt_12,face_32,1.0,-0.6909578910887197,356.93223502840317
ppt_12,face_35,0.0,-0.6909578910887197,242.24777329856192
ppt_12,face_36,1.0,-0.6909578910887197,309.0889587460695
ppt_12,face_18,1.0,-0.6909578910887197,262.3698703462997
ppt_12,face_8,1.0,-0.6909578910887197,323.81595291689734
ppt_12,face_23,0.0,-0.6909578910887197,298.44212588877065
ppt_12,face_21,0.0,-0.6909578910887197,203.98205685641733
ppt_12,face_22,1.0,-0.6909578910887197,303.45900719335566
ppt_12,face_19,0.0,-0.6909578910887197,276.88679252926823
ppt_12,face_38,1.0,-0.6909578910887197,308.8573319759469
ppt_12,face_10,1.0,-0.6909578910887197,292.0992210595713
ppt_12,face_39,0.0,-0.6909578910887197,290.9245587981657
ppt_12,face_17,0.0,-0.6909578910887197,171.98858617489716
ppt_12,face_7,0.0,-0.6909578910887197,282.50470575877637
ppt_12,face_37,0.0,-0.6909578910887197,256.4769245132906
ppt_12,face_24,1.0,-0.6909578910887197,265.31655834226086
ppt_12,face_20,1.0,-0.6909578910887197,282.96783409389985
ppt_12,face_9,0.0,-0.6909578910887197,280.8624639703473
ppt_12,face_33,0.0,-0.6909578910887197,377.8049066854281
ppt_12,face_34,1.0,-0.6909578910887197,237.44176815601222
ppt_12,face_26,1.0,-0.6909578910887197,312.90516131539493
ppt_13,face_20,1.0,1.2348357426276213,219.0642627287911
ppt_13,face_17,0.0,1.2348357426276213,434.3889031958236
ppt_13,face_4,1.0,1.2348357426276213,323.7319812205831
ppt_13,face_29,0.0,1.2348357426276213,370.81268204610313
ppt_13,face_5,0.0,1.2348357426276213,395.69521002681444
ppt_13,face_19,0.0,1.2348357426276213,392.19242888606294
ppt_13,face_9,0.0,1.2348357426276213,346.51502403185503
ppt_13,face_24,1.0,1.2348357426276213,395.01418382197147
ppt_13,face_11,0.0,1.2348357426276213,346.4657198550235
ppt_13,face_35,0.0,1.2348357426276213,531.1938039680596
ppt_13,face_22,1.0,1.2348357426276213,358.7140677051556
ppt_13,face_2,1.0,1.2348357426276213,346.13234546965475
ppt_13,face_31,0.0,1.2348357426276213,424.86135462276224
ppt_13,face_10,1.0,1.2348357426276213,470.71849585404186
ppt_13,face_1,0.0,1.2348357426276213,119.94409394025762
ppt_13,face_12,1.0,1.2348357426276213,232.71792225559037
ppt_13,face_8,1.0,1.2348357426276213,149.0146956359963
ppt_13,face_7,0.0,1.2348357426276213,390.4948137194064
ppt_13,face_32,1.0,1.2348357426276213,273.05611038425945
ppt_13,face_18,1.0,1.2348357426276213,433.9162049040922
ppt_13,face_36,1.0,1.2348357426276213,386.146313788264
ppt_13,face_23,0.0,1.2348357426276213,488.95359361098593
ppt_13,face_21,0.0,1.2348357426276213,461.62889421644576
ppt_13,face_13,0.0,1.2348357426276213,354.0905538228277
ppt_13,face_38,1.0,1.2348357426276213,360.5193131001371
ppt_13,face_14,1.0,1.2348357426276213,338.7201972896608
ppt_13,face_27,0.0,1.2348357426276213,282.1321723689738
ppt_13,face_33,0.0,1.2348357426276213,108.35751914292844
ppt_13,face_25,0.0,1.2348357426276213,428.8411826244173
ppt_14,face_16,1.0,0.12535301761803294,410.4885034892533
ppt_14,face_23,0.0,0.12535301761803294,396.81371696890835
ppt_14,face_12,1.0,0.12535301761803294,415.57795149936317
ppt_14,face_27,0.0,0.12535301761803294,412.2796359765931
ppt_14,face_4,1.0,0.12535301761803294,398.6210571564925
ppt_14,face_26,1.0,0.12535301761803294,337.23673886411916
ppt_14,face_8,1.0,0.12535301761803294,252.28988493412692
ppt_14,face_7,0.0,0.12535301761803294,291.42007440272863
ppt_14,face_19,0.0,0.12535301761803294,305.1907703928268
ppt_14,face_34,1.0,0.12535301761803294,329.25569200455294
ppt_14,face_11,0.0,0.12535301761803294,386.58220459617064
ppt_14,face_10,1.0,0.12535301761803294,371.31624866775024
ppt_14,face_15,0.0,0.12535301761803294,361.1307344034731
ppt_14,face_22,1.0,0.12535301761803294,510.2311531603767
ppt_14,face_37,0.0,0.12535301761803294,381.46370441634144
ppt_14,face_21,0.0,0.12535301761803294,445.5660922871495
ppt_14,face_17,0.0,0.12535301761803294,412.09168249681875
ppt_14,face_40,1.0,0.12535301761803294,294.2080164638493
ppt_14,face_1,0.0,0.12535301761803294,493.3992111302915
ppt_14,face_38,1.0,0.12535301761803294,376.58971635884154
ppt_14,face_5,0.0,0.12535301761803294,392.22063214413464
ppt_14,face_25,0.0,0.12535301761803294,426.0933782822179
ppt_14,face_14,1.0,0.12535301761803294,346.35890859615995
ppt_14,face_35,0.0,0.12535301761803294,439.90627760625426
ppt_14,face_3,0.0,0.12535301761803294,408.6240204597162
ppt_14,face_20,1.0,0.12535301761803294,375.1894352656588
ppt_15,face_30,1.0,0.9541447033735161,525.0388079760056
ppt_15,face_11,0.0,0.9541447033735161,428.9347766970058
ppt_15,face_24,1.0,0.9541447033735161,471.9799191755434
ppt_15,face_4,1.0,0.9541447033735161,452.8410416422518
ppt_15,face_10,1.0,0.9541447033735161,529.9379796644745
ppt_15,face_18,1.0,0.9541447033735161,480.271941734802
ppt_15,face_20,1.0,0.9541447033735161,299.5571731324615
ppt_15,face_22,1.0,0.9541447033735161,501.86240619987996
ppt_15,face_27,0.0,0.9541447033735161,413.88893590567
ppt_15,face_40,1.0,0.9541447033735161,403.3105787598172
ppt_15,face_9,0.0,0.9541447033735161,492.7943184225089
ppt_15,face_25,0.0,0.9541447033735161,668.0185524925702
ppt_15,face_8,1.0,0.9541447033735161,348.5674346620634
ppt_15,face_31,0.0,0.9541447033735161,403.3876644552185
ppt_15,face_36,1.0,0.9541447033735161,443.0286135268787
ppt_15,face_1,0.0,0.9541447033735161,387.4940260946125
ppt_15,face_29,0.0,0.9541447033735161,534.2913541200031
ppt_15,face_16,1.0,0.9541447033735161,432.6867969911368
ppt_15,face_38,1.0,0.9541447033735161,515.7487969201542
ppt_15,face_33,0.0,0.9541447033735161,281.9222895467621
ppt_15,face_14,1.0,0.9541447033735161,432.7438621985091
ppt_15,face_37,0.0,0.9541447033735161,482.1380413610553
ppt_15,face_35,0.0,0.9541447033735161,624.736083820826
ppt_15,face_17,0.0,0.9541447033735161,555.5364071134888
ppt_15,face_23,0.0,0.9541447033735161,588.1525063102663
ppt_15,face_28,1.0,0.9541447033735161,485.0479933469717
ppt_15,face_32,1.0,0.9541447033735161,343.1639450991462
ppt_15,face_3,0.0,0.9541447033735161,389.6894132161442
ppt_15,face_13,0.0,0.9541447033735161,468.9275566590386
ppt_16,face_29,0.0,0.6014601268630261,319.1071622160111
ppt_16,face_11,0.0,0.6014601268630261,360.85860555086276
ppt_16,face_34,1.0,0.6014601268630261,399.0908675359891
ppt_16,face_40,1.0,0.6014601268630261,319.9413873067958
ppt_16,face_24,1.0,0.6014601268630261,424.8699039806593
ppt_16,face_23,0.0,0.6014601268630261,296.11349752922564
ppt_16,face_4,1.0,0.6014601268630261,291.9420628185043
ppt_16,face_18,1.0,0.6014601268630261,299.95809491270194
ppt_16,face_38,1.0,0.6014601268630261,357.99041072940656
ppt_16,face_21,0.0,0.6014601268630261,448.2834406943971
ppt_16,face_6,1.0,0.6014601268630261,303.0233201074378
ppt_16,face_13,0.0,0.6014601268630261,251.9911223482667
ppt_16,face_17,0.0,0.6014601268630261,414.87062961720494
ppt_16,face_14,1.0,0.6014601268630261,359.37695260080454
ppt_16,face_5,0.0,0.6014601268630261,337.38504116553673
ppt_16,face_16,1.0,0.6014601268630261,238.34534703686197
ppt_16,face_25,0.0,0.6014601268630261,426.60650498727745
ppt_16,face_27,0.0,0.6014601268630261,381.66376554723786
ppt_16,face_2,1.0,0.6014601268630261,293.5982952105081
ppt_16,face_31,0.0,0.6014601268630261,248.50512369500768
ppt_16,face_15,0.0,0.6014601268630261,361.58946151751127
ppt_16,face_26,1.0,0.6014601268630261,318.7008368243846
ppt_16,face_1,0.0,0.6014601268630261,332.1121990042465
ppt_16,face_33,0.0,0.6014601268630261,205.92571807891275
ppt_16,face_37,0.0,0.6014601268630261,295.2501257509987
ppt_16,face_22,1.0,0.6014601268630261,359.6411549852782
ppt_16,face_32,1.0,0.6014601268630261,196.82054919634842
ppt_16,face_10,1.0,0.6014601268630261,408.96937080649155
ppt_16,face_35,0.0,0.6014601268630261,419.37953093921584
ppt_17,face_40,1.0,-0.9194615565560131,250.89624907093173
ppt_17,face_23,0.0,-0.9194615565560131,179.37861738216046
ppt_17,face_15,0.0,-0.9194615565560131,138.737118873449
ppt_17,face_29,0.0,-0.9194615565560131,203.3164928025848
ppt_17,face_21,0.0,-0.9194615565560131,86.26606454276876
ppt_17,face_26,1.0,-0.9194615565560131,212.78264924950332
ppt_17,face_14,1.0,-0.9194615565560131,186.98609111915653
ppt_17,face_12,1.0,-0.9194615565560131,179.12230378450474
ppt_17,face_17,0.0,-0.9194615565560131,293.479989394093
ppt_17,face_3,0.0,-0.9194615565560131,158.74405163012952
ppt_17,face_4,1.0,-0.9194615565560131,224.98164634103406
ppt_17,face_1,0.0,-0.9194615565560131,401.66754928196224
ppt_17,face_33,0.0,-0.9194615565560131,376.04757470316116
ppt_17,face_20,1.0,-0.9194615565560131,191.18025385802162
ppt_17,face_39,0.0,-0.9194615565560131,290.56838888449994
ppt_17,face_38,1.0,-0.9194615565560131,272.21932911033963
ppt_17,face_28,1.0,-0.9194615565560131,121.72427358402389
ppt_17,face_24,1.0,-0.9194615565560131,182.81466253726464
ppt_17,face_27,0.0,-0.9194615565560131,244.9783550901612
ppt_17,face_11,0.0,-0.9194615565560131,199.8401805656638
ppt_17,face_34,1.0,-0.9194615565560131,200.38431049499897
ppt_17,face_7,0.0,-0.9194615565560131,89.69301628340338
ppt_17,face_19,0.0,-0.9194615565560131,196.66320776470633
ppt_17,face_36,1.0,-0.9194615565560131,172.87286448304343
ppt_17,face_22,1.0,-0.9194615565560131,115.02787232207139
ppt_17,face_18,1.0,-0.9194615565560131,200.1886512094807
ppt_18,face_16,1.0,-0.2789143327891866,461.68345859788064
ppt_18,face_9,0.0,-0.2789143327891866,409.55781466597824
ppt_18,face_26,1.0,-0.2789143327891866,349.6424908720397
ppt_18,face_29,0.0,-0.2789143327891866,430.50304420934583
ppt_18,face_27,0.0,-0.2789143327891866,446.8538918636063
ppt_18,face_21,0.0,-0.2789143327891866,408.29502512132177
ppt_18,face_38,1.0,-0.2789143327891866,405.15729391958325
ppt_18,face_28,1.0,-0.2789143327891866,405.65811376683837
ppt_18,face_23,0.0,-0.2789143327891866,362.18914080435485
ppt_18,face_5,0.0,-0.2789143327891866,319.98167077257426
ppt_18,face_2,1.0,-0.2789143327891866,503.7682185020919
ppt_18,face_25,0.0,-0.2789143327891866,389.0338798593096
ppt_18,face_40,1.0,-0.2789143327891866,492.517877071479
ppt_18,face_10,1.0,-0.2789143327891866,424.409491606855
ppt_18,face_34,1.0,-0.2789143327891866,392.8002598043167
ppt_18,face_11,0.0,-0.2789143327891866,508.3157114944628
ppt_18,face_22,1.0,-0.2789143327891866,487.8098082965645
ppt_18,face_39,0.0,-0.2789143327891866,436.6099318584426
ppt_18,face_4,1.0,-0.2789143327891866,400.70708193420927
ppt_18,face_24,1.0,-0.2789143327891866,414.7574887804908
ppt_18,face_6,1.0,-0.2789143327891866,402.1027003565414
ppt_18,face_30,1.0,-0.2789143327891866,349.65660415662126
ppt_18,face_33,0.0,-0.2789143327891866,349.99010186550584
ppt_18,face_12,1.0,-0.2789143327891866,449.5506384478005
ppt_18,face_31,0.0,-0.2789143327891866,370.60603471957575
ppt_18,face_19,0.0,-0.2789143327891866,479.7506046703181
ppt_18,face_20,1.0,-0.2789143327891866,417.86307172128636
ppt_18,face_35,0.0,-0.2789143327891866,393.50945294050115
ppt_19,face_5,0.0,1.7789292927768747,378.8424012320135
ppt_19,face_23,0.0,1.7789292927768747,533.2142588516009
ppt_19,face_1,0.0,1.7789292927768747,169.4275093506746
ppt_19,face_12,1.0,1.7789292927768747,269.2705986671615
ppt_19,face_35,0.0,1.7789292927768747,586.9708375829716
ppt_19,face_38,1.0,1.7789292927768747,252.53402381823568
ppt_19,face_21,0.0,1.7789292927768747,541.7761240573147
ppt_19,face_31,0.0,1.7789292927768747,387.16604326662116
ppt_19,face_15,0.0,1.7789292927768747,417.825467817063
ppt_19,face_26,1.0,1.7789292927768747,192.45146500477242
ppt_19,face_25,0.0,1.7789292927768747,519.8342163136546
ppt_19,face_8,1.0,1.7789292927768747,106.9633915169772
ppt_19,face_37,0.0,1.7789292927768747,407.44366757989286
ppt_19,face_22,1.0,1.7789292927768747,436.01517810168514
ppt_19,face_17,0.0,1.7789292927768747,481.8489072493574
ppt_19,face_11,0.0,1.7789292927768747,324.3904051852406
ppt_19,face_2,1.0,1.7789292927768747,342.87994166744085
ppt_19,face_36,1.0,1.7789292927768747,377.26404587233804
ppt_19,face_27,0.0,1.7789292927768747,351.5160981291374
ppt_19,face_19,0.0,1.7789292927768747,510.29119990727645
ppt_19,face_13,0.0,1.7789292927768747,344.98461282675487
ppt_19,face_10,1.0,1.7789292927768747,533.6498482764167
ppt_19,face_16,1.0,1.7789292927768747,231.4767403756102
ppt_19,face_39,0.0,1.7789292927768747,404.0205685232942
ppt_19,face_34,1.0,1.7789292927768747,447.34012653252574
ppt_19,face_20,1.0,1.7789292927768747,333.8928054573204
ppt_19,face_28,1.0,1.7789292927768747,437.63873568701
ppt_19,face_9,0.0,1.7789292927768747,499.68453389284304
ppt_19,face_24,1.0,1.7789292927768747,288.1408405772685
ppt_19,face_29,0.0,1.7789292927768747,472.17382961888006
ppt_2,face_22,1.0,0.8624336794601508,443.8842754857481
ppt_2,face_7,0.0,0.8624336794601508,393.5795770177732
ppt_2,face_8,1.0,0.8624336794601508,210.84630729552364
ppt_2,face_38,1.0,0.8624336794601508,403.3735616695242
ppt_2,face_33,0.0,0.8624336794601508,283.3206986159223
ppt_2,face_21,0.0,0.8624336794601508,393.7861517218383
ppt_2,face_2,1.0,0.8624336794601508,390.34833702808095
ppt_2,face_37,0.0,0.8624336794601508,512.8467729932851
ppt_2,face_28,1.0,0.8624336794601508,369.17778004935286
ppt_2,face_10,1.0,0.8624336794601508,451.7833259275458
ppt_2,face_40,1.0,0.8624336794601508,358.30339227048887
ppt_2,face_20,1.0,0.8624336794601508,407.5378982470463
ppt_2,face_29,0.0,0.8624336794601508,473.0671766455934
ppt_2,face_17,0.0,0.8624336794601508,507.28010769346713
ppt_2,face_4,1.0,0.8624336794601508,357.8065055371939
ppt_2,face_15,0.0,0.8624336794601508,398.0946298953695
ppt_2,face_1,0.0,0.8624336794601508,347.1282647172576
ppt_2,face_14,1.0,0.8624336794601508,494.3324039159252
ppt_2,face_23,0.0,0.8624336794601508,429.1855410375592
ppt_2,face_19,0.0,0.8624336794601508,363.18398221406005
ppt_2,face_30,1.0,0.8624336794601508,458.9632664881907
ppt_2,face_36,1.0,0.8624336794601508,400.06296105424906
ppt_2,face_11,0.0,0.8624336794601508,372.5996994757091
ppt_2,face_26,1.0,0.8624336794601508,327.01052400252917
ppt_2,face_18,1.0,0.8624336794601508,434.6945898209182
ppt_2,face_16,1.0,0.8624336794601508,377.3981464715964
ppt_2,face_27,0.0,0.8624336794601508,433.1940063543511
ppt_2,face_6,1.0,0.8624336794601508,547.9938773327916
ppt_2,face_13,0.0,0.8624336794601508,439.12996135851307
ppt_2,face_34,1.0,0.8624336794601508,373.40002825526335
ppt_2,face_31,0.0,0.8624336794601508,361.24368446367845
ppt_2,face_5,0.0,0.8624336794601508,521.4421626912484
ppt_20,face_21,0.0,0.45237658636759376,372.66031954324916
ppt_20,face_28,1.0,0.45237658636759376,334.2428679102751
ppt_20,face_1,0.0,0.45237658636759376,323.6915643040661
ppt_20,face_15,0.0,0.45237658636759376,363.09410423226456
ppt_20,face_9,0.0,0.45237658636759376,390.95601592055436
ppt_20,face_20,1.0,0.45237658636759376,326.8407152625248
ppt_20,face_35,0.0,0.45237658636759376,437.04993651539473
ppt_20,face_17,0.0,0.45237658636759376,464.46049772698615
ppt_20,face_4,1.0,0.45237658636759376,286.1853487541406
ppt_20,face_6,1.0,0.45237658636759376,316.2216531542887
ppt_20,face_19,0.0,0.45237658636759376,352.4552494161806
ppt_20,face_26,1.0,0.45237658636759376,337.7821640436648
ppt_20,face_22,1.0,0.45237658636759376,388.0707115409869
ppt_20,face_10,1.0,0.45237658636759376,415.5667784826698
ppt_20,face_12,1.0,0.45237658636759376,217.65764137654978
ppt_20,face_25,0.0,0.45237658636759376,395.1885901710993
ppt_20,face_2,1.0,0.45237658636759376,274.9195412857176
ppt_20,face_29,0.0,0.45237658636759376,343.5775531778656
ppt_20,face_39,0.0,0.45237658636759376,372.27443198281696
ppt_20,face_16,1.0,0.45237658636759376,304.11456024470414
ppt_20,face_8,1.0,0.45237658636759376,273.4420400651654
ppt_20,face_34,1.0,0.45237658636759376,302.0875317877038
ppt_20,face_14,1.0,0.45237658636759376,295.26293696101055
ppt_20,face_7,0.0,0.45237658636759376,361.9624415953983
ppt_20,face_24,1.0,0.45237658636759376,447.5063590271253
ppt_20,face_27,0.0,0.45237658636759376,319.7378663469551
ppt_20,face_36,1.0,0.45237658636759376,310.63295057034753
ppt_20,face_32,1.0,0.45237658636759376,249.75629305271616
ppt_21,face_17,0.0,-0.4314516135087332,363.6117994959129
ppt_21,face_2,1.0,-0.4314516135087332,398.29869550344426
ppt_21,face_31,0.0,-0.4314516135087332,350.62674217063295
ppt_21,face_21,0.0,-0.4314516135087332,269.93651530211827
ppt_21,face_22,1.0,-0.4314516135087332,417.9841623204497
ppt_21,face_10,1.0,-0.4314516135087332,338.0845306678388
ppt_21,face_9,0.0,-0.4314516135087332,322.0637031649375
ppt_21,face_4,1.0,-0.4314516135087332,353.0327648504553
ppt_21,face_28,1.0,-0.4314516135087332,331.2093696246054
ppt_21,face_24,1.0,-0.4314516135087332,369.91887313241153
ppt_21,face_32,1.0,-0.4314516135087332,332.36948172980937
ppt_21,face_13,0.0,-0.4314516135087332,283.42763215022194
ppt_21,face_30,1.0,-0.4314516135087332,355.00466521620325
ppt_21,face_19,0.0,-0.4314516135087332,380.69701322891734
ppt_21,face_12,1.0,-0.4314516135087332,391.9774725115697
ppt_21,face_14,1.0,-0.4314516135087332,349.60274169855484
ppt_21,face_39,0.0,-0.4314516135087332,434.4344016229432
ppt_21,face_1,0.0,-0.4314516135087332,411.2985737825379
ppt_21,face_16,1.0,-0.4314516135087332,337.170171433403
ppt_21,face_40,1.0,-0.4314516135087332,419.22461171038054
ppt_21,face_25,0.0,-0.4314516135087332,348.50839139741197
ppt_21,face_27,0.0,-0.4314516135087332,380.0847195989625
ppt_21,face_33,0.0,-0.4314516135087332,486.0833035302766
ppt_21,face_3,0.0,-0.4314516135087332,390.10039889600534
ppt_21,face_8,1.0,-0.4314516135087332,409.84814532518425
ppt_21,face_7,0.0,-0.4314516135087332,431.370996794647
ppt_21,face_35,0.0,-0.4314516135087332,352.9973921304409
ppt_21,face_29,0.0,-0.4314516135087332,459.7661582754788
ppt_21,face_20,1.0,-0.4314516135087332,445.39589576055346
ppt_21,face_23,0.0,-0.4314516135087332,366.23671682689564
ppt_22,face_23,0.0,-0.6995656765866135,410.59545390075704
ppt_22,face_20,1.0,-0.6995656765866135,345.220052990803
ppt_22,face_32,1.0,-0.6995656765866135,375.1499285627033
ppt_22,face_6,1.0,-0.6995656765866135,318.7528576277772
ppt_22,face_39,0.0,-0.6995656765866135,505.2853440124697
ppt_22,face_17,0.0,-0.6995656765866135,447.4744654629762
ppt_22,face_8,1.0,-0.6995656765866135,486.17250002351335
ppt_22,face_35,0.0,-0.6995656765866135,353.55680939224396
ppt_22,face_21,0.0,-0.6995656765866135,236.4015648468151
ppt_22,face_34,1.0,-0.6995656765866135,333.25036149745154
ppt_22,face_24,1.0,-0.6995656765866135,293.6117209714769
ppt_22,face_4,1.0,-0.6995656765866135,418.1201221613807
ppt_22,face_1,0.0,-0.6995656765866135,539.2476372137025
ppt_22,face_29,0.0,-0.6995656765866135,358.4905787216532
ppt_22,face_25,0.0,-0.6995656765866135,363.70585356688764
ppt_22,face_13,0.0,-0.6995656765866135,408.4360597498474
ppt_22,face_33,0.0,-0.6995656765866135,515.9518091614782
ppt_22,face_26,1.0,-0.6995656765866135,394.75620005027736
ppt_22,face_11,0.0,-0.6995656765866135,475.7284588584718
ppt_22,face_5,0.0,-0.6995656765866135,409.75598380520194
ppt_22,face_31,0.0,-0.6995656765866135,312.87279474840483
ppt_22,face_30,1.0,-0.6995656765866135,236.25618314550437
ppt_22,face_2,1.0,-0.6995656765866135,382.5507184979347
ppt_22,face_3,0.0,-0.6995656765866135,402.8662765957632
ppt_22,face_38,1.0,-0.6995656765866135,446.56217732033485
ppt_22,face_12,1.0,-0.6995656765866135,371.3663482769717
ppt_22,face_28,1.0,-0.6995656765866135,384.77068984135144
ppt_23,face_23,0.0,1.8184411964502871,491.9595468438668
ppt_23,face_28,1.0,1.8184411964502871,472.94424397762486
ppt_23,face_19,0.0,1.8184411964502871,347.7196505553101
ppt_23,face_27,0.0,1.8184411964502871,253.55173452888013
ppt_23,face_12,1.0,1.8184411964502871,347.781893471353
ppt_23,face_18,1.0,1.8184411964502871,481.03101025221514
ppt_23,face_6,1.0,1.8184411964502871,609.3141576516128
ppt_23,face_15,0.0,1.8184411964502871,448.8087896041445
ppt_23,face_39,0.0,1.8184411964502871,364.1277016820023
ppt_23,face_40,1.0,1.8184411964502871,279.7363713680053
ppt_23,face_26,1.0,1.8184411964502871,287.6093934085012
ppt_23,face_11,0.0,1.8184411964502871,416.78706906272726
ppt_23,face_30,1.0,1.8184411964502871,490.448746991375
ppt_23,face_36,1.0,1.8184411964502871,356.430088875148
ppt_23,face_4,1.0,1.8184411964502871,356.0609934567514
ppt_23,face_14,1.0,1.8184411964502871,446.2085357346134
ppt_23,face_31,0.0,1.8184411964502871,433.86086669284947
ppt_23,face_7,0.0,1.8184411964502871,430.31358630162515
ppt_23,face_13,0.0,1.8184411964502871,376.8537654712581
ppt_23,face_29,0.0,1.8184411964502871,406.5552792076538
ppt_23,face_21,0.0,1.8184411964502871,642.9786311478744
ppt_23,face_25,0.0,1.8184411964502871,579.0914845328956
ppt_23,face_8,1.0,1.8184411964502871,186.91101097061627
ppt_23,face_24,1.0,1.8184411964502871,489.19537053360347
ppt_23,face_32,1.0,1.8184411964502871,385.3283270702932
ppt_23,face_33,0.0,1.8184411964502871,210.30341804983414
ppt_23,face_2,1.0,1.8184411964502871,404.9487981070791
ppt_23,face_17,0.0,1.8184411964502871,511.5104834089151
ppt_23,face_1,0.0,1.8184411964502871,179.6134848819703
ppt_23,face_9,0.0,1.8184411964502871,546.9931952612502
ppt_24,face_7,0.0,-0.9151758532548105,255.81605498682924
ppt_24,face_1,0.0,-0.9151758532548105,329.95417368831835
ppt_24,face_3,0.0,-0.9151758532548105,244.39918685678776
ppt_24,face_15,0.0,-0.9151758532548105,186.3408078960315
ppt_24,face_33,0.0,-0.9151758532548105,432.15133886729353
ppt_24,face_40,1.0,-0.9151758532548105,142.5556290991926
ppt_24,face_17,0.0,-0.9151758532548105,36.09072902477367
ppt_24,face_35,0.0,-0.9151758532548105,194.38539655863732
ppt_24,face_27,0.0,-0.9151758532548105,156.05819341109577
ppt_24,face_8,1.0,-0.9151758532548105,322.8289102951833
ppt_24,face_10,1.0,-0.9151758532548105,150.66721192983493
ppt_24,face_31,0.0,-0.9151758532548105,132.8424453445629
ppt_24,face_12,1.0,-0.9151758532548105,297.0436855202552
ppt_24,face_4,1.0,-0.9151758532548105,227.93764050632916
ppt_24,face_34,1.0,-0.9151758532548105,262.7160995598816
ppt_24,face_18,1.0,-0.9151758532548105,38.21317172385037
ppt_24,face_28,1.0,-0.9151758532548105,113.69247224627613
ppt_24,face_25,0.0,-0.9151758532548105,208.48162188317167
ppt_24,face_30,1.0,-0.9151758532548105,141.4146834949747
ppt_24,face_37,0.0,-0.9151758532548105,257.8483686075049
ppt_24,face_19,0.0,-0.9151758532548105,195.2595247851371
ppt_24,face_26,1.0,-0.9151758532548105,281.1600988514481
ppt_24,face_22,1.0,-0.9151758532548105,223.24489140064972
ppt_24,face_2,1.0,-0.9151758532548105,274.5942722712787
ppt_24,face_39,0.0,-0.9151758532548105,296.26218293703363
ppt_24,face_24,1.0,-0.9151758532548105,129.05637702217481
ppt_24,face_6,1.0,-0.9151758532548105,160.43503097136258
ppt_24,face_11,0.0,-0.9151758532548105,353.93262817531314
ppt_24,face_5,0.0,-0.9151758532548105,311.66231453967316
ppt_25,face_8,1.0,0.3065348880440617,223.33015441468206
ppt_25,face_21,0.0,0.3065348880440617,348.15362195795575
ppt_25,face_13,0.0,0.3065348880440617,304.7383195647146
ppt_25,face_4,1.0,0.3065348880440617,241.7696074007664
ppt_25,face_37,0.0,0.3065348880440617,352.0881730769625
ppt_25,face_1,0.0,0.3065348880440617,244.78309756654195
ppt_25,face_10,1.0,0.3065348880440617,302.2430585635637
ppt_25,face_9,0.0,0.3065348880440617,441.04731481911364
ppt_25,face_40,1.0,0.3065348880440617,211.56444019682505
ppt_25,face_32,1.0,0.3065348880440617,268.8230218218271
ppt_25,face_30,1.0,0.3065348880440617,326.1190866427403
ppt_25,face_7,0.0,0.3065348880440617,408.02387130597003
ppt_25,face_39,0.0,0.3065348880440617,343.7344867525644
ppt_25,face_28,1.0,0.3065348880440617,312.53808005590884
ppt_25,face_19,0.0,0.3065348880440617,292.8282552874964
ppt_25,face_34,1.0,0.3065348880440617,330.3995650924931
ppt_25,face_27,0.0,0.3065348880440617,218.0829403553095
ppt_25,face_38,1.0,0.3065348880440617,325.5274583928813
ppt_25,face_16,1.0,0.3065348880440617,293.21070271573024
ppt_25,face_3,0.0,0.3065348880440617,318.8920216885064
ppt_25,face_24,1.0,0.3065348880440617,326.11070339551975
ppt_25,face_23,0.0,0.3065348880440617,376.84756573741987
ppt_25,face_25,0.0,0.3065348880440617,394.42571357392245
ppt_25,face_14,1.0,0.3065348880440617,428.8395917986967
ppt_25,face_15,0.0,0.3065348880440617,402.18904573109376
ppt_25,face_36,1.0,0.3065348880440617,291.4501041656346
ppt_25,face_18,1.0,0.3065348880440617,387.6860543274063
ppt_25,face_31,0.0,0.3065348880440617,336.92882443673307
ppt_25,face_22,1.0,0.3065348880440617,383.9050592962962
ppt_25,face_29,0.0,0.3065348880440617,342.1394664938836
ppt_25,face_17,0.0,0.3065348880440617,404.54898766244725
ppt_26,face_39,0.0,-0.21083026426596038,349.89020013490494
ppt_26,face_9,0.0,-0.21083026426596038,328.1505468738944
ppt_26,face_38,1.0,-0.21083026426596038,415.7751999636797
ppt_26,face_37,0.0,-0.21083026426596038,321.22893689151545
ppt_26,face_8,1.0,-0.21083026426596038,430.69362977425254
ppt_26,face_24,1.0,-0.21083026426596038,406.27899164334013
ppt_26,face_26,1.0,-0.21083026426596038,432.6409671983694
ppt_26,face_21,0.0,-0.21083026426596038,347.34528060191855
ppt_26,face_30,1.0,-0.21083026426596038,284.7480754454639
ppt_26,face_23,0.0,-0.21083026426596038,376.58666968032634
ppt_26,face_15,0.0,-0.21083026426596038,407.1217042775618
ppt_26,face_19,0.0,-0.21083026426596038,346.4219759250991
ppt_26,face_2,1.0,-0.21083026426596038,395.14509260143865
ppt_26,face_31,0.0,-0.21083026426596038,313.2823632416885
ppt_26,face_12,1.0,-0.21083026426596038,412.0074166996185
ppt_26,face_36,1.0,-0.21083026426596038,339.4640005640995
ppt_26,face_22,1.0,-0.21083026426596038,385.49140206564437
ppt_26,face_18,1.0,-0.21083026426596038,460.4696023765072
ppt_26,face_20,1.0,-0.21083026426596038,421.44926776825537
ppt_26,face_33,0.0,-0.21083026426596038,342.700027602381
ppt_26,face_25,0.0,-0.21083026426596038,414.12530686922105
ppt_26,face_17,0.0,-0.21083026426596038,283.89152896281485
ppt_26,face_34,1.0,-0.21083026426596038,436.9084003477875
ppt_26,face_1,0.0,-0.21083026426596038,454.09444657497534
ppt_26,face_13,0.0,-0.21083026426596038,342.08761278818747
ppt_26,face_4,1.0,-0.21083026426596038,326.7936190211365
ppt_26,face_29,0.0,-0.21083026426596038,305.4493493050272
ppt_26,face_6,1.0,-0.21083026426596038,358.91585148049364
ppt_26,face_40,1.0,-0.21083026426596038,310.3275707387603
ppt_27,face_9,0.0,0.9772650053435834,487.48372257339895
ppt_27,face_38,1.0,0.9772650053435834,370.9476198414232
ppt_27,face_28,1.0,0.9772650053435834,518.96704013832
ppt_27,face_25,0.0,0.9772650053435834,504.3581411029281
ppt_27,face_2,1.0,0.9772650053435834,326.01060087955386
ppt_27,face_21,0.0,0.9772650053435834,523.4605998200217
ppt_27,face_11,0.0,0.9772650053435834,442.02450820294155
ppt_27,face_22,1.0,0.9772650053435834,462.1459772036787
ppt_27,face_20,1.0,0.9772650053435834,465.75388620735123
ppt_27,face_30,1.0,0.9772650053435834,486.4942836717482
ppt_27,face_34,1.0,0.9772650053435834,426.6775947377644
ppt_27,face_8,1.0,0.9772650053435834,336.3936806787193
ppt_27,face_39,0.0,0.9772650053435834,401.96635228480676
ppt_27,face_18,1.0,0.9772650053435834,559.7342960899907
ppt_27,face_6,1.0,0.9772650053435834,494.0072931123711
ppt_27,face_12,1.0,0.9772650053435834,394.5133436053354
ppt_27,face_3,0.0,0.9772650053435834,451.79701431485523
ppt_27,face_24,1.0,0.9772650053435834,438.8995308340224
ppt_27,face_27,0.0,0.9772650053435834,349.30202993697907
ppt_27,face_14,1.0,0.9772650053435834,502.80468441492803
ppt_27,face_7,0.0,0.9772650053435834,452.93666265087603
ppt_27,face_13,0.0,0.9772650053435834,450.740971896375
ppt_27,face_32,1.0,0.9772650053435834,503.6746271145356
ppt_27,face_15,0.0,0.9772650053435834,511.6686232264854
ppt_27,face_10,1.0,0.9772650053435834,593.5805431961548
ppt_27,face_36,1.0,0.9772650053435834,380.2873792486249
ppt_28,face_17,0.0,0.11127914105356765,271.1468176728102
ppt_28,face_26,1.0,0.11127914105356765,274.41625273270796
ppt_28,face_12,1.0,0.11127914105356765,226.26178516571983
ppt_28,face_29,0.0,0.11127914105356765,378.400644795233
ppt_28,face_6,1.0,0.11127914105356765,272.96226270814077
ppt_28,face_23,0.0,0.11127914105356765,444.91078627374026
ppt_28,face_31,0.0,0.11127914105356765,384.215494363843
ppt_28,face_11,0.0,0.11127914105356765,395.5072768797736
ppt_28,face_15,0.0,0.11127914105356765,434.2322022820283
ppt_28,face_10,1.0,0.11127914105356765,402.74156209354567
ppt_28,face_18,1.0,0.11127914105356765,326.9985621164884
ppt_28,face_4,1.0,0.11127914105356765,229.67765985446673
ppt_28,face_38,1.0,0.11127914105356765,366.8161970844027
ppt_28,face_7,0.0,0.11127914105356765,378.4179270104897
ppt_28,face_5,0.0,0.11127914105356765,415.27931003101133
ppt_28,face_8,1.0,0.11127914105356765,346.04473801010903
ppt_28,face_3,0.0,0.11127914105356765,374.77982204678267
ppt_28,face_1,0.0,0.11127914105356765,325.4025599043374
ppt_28,face_16,1.0,0.11127914105356765,277.5394075740633
ppt_28,face_40,1.0,0.11127914105356765,383.6340430075572
ppt_28,face_19,0.0,0.11127914105356765,399.77462776189975
ppt_28,face_14,1.0,0.11127914105356765,306.0233750540827
ppt_28,face_39,0.0,0.11127914105356765,374.1440843750754
ppt_28,face_34,1.0,0.11127914105356765,265.5072097143232
ppt_28,face_22,1.0,0.11127914105356765,355.68247472827204
ppt_28,face_13,0.0,0.11127914105356765,303.37413909123404
ppt_29,face_7,0.0,-0.8648805017159852,317.5094057869714
ppt_29,face_16,1.0,-0.8648805017159852,119.53514876742
ppt_29,face_8,1.0,-0.8648805017159852,274.6022414646421
ppt_29,face_39,0.0,-0.8648805017159852,248.2052944783526
ppt_29,face_31,0.0,-0.8648805017159852,151.87573314706384
ppt_29,face_11,0.0,-0.8648805017159852,335.8539540436084
ppt_29,face_18,1.0,-0.8648805017159852,187.88107286077354
ppt_29,face_5,0.0,-0.8648805017159852,214.14267614058716
ppt_29,face_17,0.0,-0.8648805017159852,89.59858095927272
ppt_29,face_22,1.0,-0.8648805017159852,113.05015902673786
ppt_29,face_36,1.0,-0.8648805017159852,183.48553398669316
ppt_29,face_19,0.0,-0.8648805017159852,204.85230230331715
ppt_29,face_27,0.0,-0.8648805017159852,197.16439148721176
ppt_29,face_9,0.0,-0.8648805017159852,247.70176819097398
ppt_29,face_24,1.0,-0.8648805017159852,188.20621995739037
ppt_29,face_25,0.0,-0.8648805017159852,183.33028617378764
ppt_29,face_40,1.0,-0.8648805017159852,269.99267320756815
ppt_29,face_34,1.0,-0.8648805017159852,212.32223317175212
ppt_29,face_6,1.0,-0.8648805017159852,121.61340901005373
ppt_29,face_2,1.0,-0.8648805017159852,254.11699138178733
ppt_29,face_35,0.0,-0.8648805017159852,83.82029812830646
ppt_29,face_20,1.0,-0.8648805017159852,193.74262678824087
ppt_29,face_26,1.0,-0.8648805017159852,245.83457351886884
ppt_29,face_15,0.0,-0.8648805017159852,186.66796494766436
ppt_29,face_28,1.0,-0.8648805017159852,104.77826076820062
ppt_29,face_12,1.0,-0.8648805017159852,219.17190590404954
ppt_29,face_37,0.0,-0.8648805017159852,302.02840756325384
ppt_29,face_30,1.0,-0.8648805017159852,210.86165690242035
ppt_29,face_14,1.0,-0.8648805017159852,219.46185360537498
ppt_29,face_21,0.0,-0.8648805017159852,132.11013830245594
ppt_3,face_25,0.0,0.9872109120307891,472.61059148864547
ppt_3,face_37,0.0,0.9872109120307891,359.8933076849049
ppt_3,face_38,1.0,0.9872109120307891,348.11527238382365
ppt_3,face_9,0.0,0.9872109120307891,371.624881210651
ppt_3,face_13,0.0,0.9872109120307891,405.082682653272
ppt_3,face_11,0.0,0.9872109120307891,328.7702766763975
ppt_3,face_21,0.0,0.9872109120307891,525.3080693330724
ppt_3,face_6,1.0,0.9872109120307891,405.38520158714306
ppt_3,face_39,0.0,0.9872109120307891,271.32499567440993
ppt_3,face_24,1.0,0.9872109120307891,374.7445353742328
ppt_3,face_14,1.0,0.9872109120307891,312.14923012012434
ppt_3,face_28,1.0,0.9872109120307891,345.33961287186395
ppt_3,face_27,0.0,0.9872109120307891,358.39901439004433
ppt_3,face_19,0.0,0.9872109120307891,285.88550255854943
ppt_3,face_8,1.0,0.9872109120307891,298.68799390475544
ppt_3,face_18,1.0,0.9872109120307891,438.349125555872
ppt_3,face_17,0.0,0.9872109120307891,429.241789284375
ppt_3,face_16,1.0,0.9872109120307891,318.9103830507479
ppt_3,face_12,1.0,0.9872109120307891,360.90147603336163
ppt_3,face_2,1.0,0.9872109120307891,366.90197930318095
ppt_3,face_20,1.0,0.9872109120307891,332.81575338174054
ppt_3,face_32,1.0,0.9872109120307891,446.41392609729286
ppt_3,face_23,0.0,0.9872109120307891,383.4854563187047
ppt_3,face_35,0.0,0.9872109120307891,576.4654375054531
ppt_3,face_3,0.0,0.9872109120307891,320.7070043913209
ppt_3,face_4,1.0,0.9872109120307891,339.44018466889105
ppt_3,face_31,0.0,0.9872109120307891,421.007205544809
ppt_3,face_15,0.0,0.9872109120307891,376.4160879917619
ppt_3,face_33,0.0,0.9872109120307891,174.95237172904393
ppt_30,face_6,1.0,0.4284072726694479,395.6269491395482
ppt_30,face_13,0.0,0.4284072726694479,281.8500173301919
ppt_30,face_24,1.0,0.4284072726694479,276.6674409217971
ppt_30,face_22,1.0,0.4284072726694479,362.8600256067875
ppt_30,face_15,0.0,0.4284072726694479,304.570791120841
ppt_30,face_16,1.0,0.4284072726694479,427.74745612091203
ppt_30,face_3,0.0,0.4284072726694479,400.6491099760735
ppt_30,face_37,0.0,0.4284072726694479,384.4608347527136
ppt_30,face_28,1.0,0.4284072726694479,335.85204092445474
ppt_30,face_33,0.0,0.4284072726694479,311.350734355535
ppt_30,face_2,1.0,0.4284072726694479,323.1557201770745
ppt_30,face_17,0.0,0.4284072726694479,392.94481432083955
ppt_30,face_10,1.0,0.4284072726694479,430.308440027123
ppt_30,face_38,1.0,0.4284072726694479,416.6963219069503
ppt_30,face_7,0.0,0.4284072726694479,446.95647099430323
ppt_30,face_36,1.0,0.4284072726694479,450.379652619972
ppt_30,face_21,0.0,0.4284072726694479,403.5781419079644
ppt_30,face_39,0.0,0.4284072726694479,341.696230061321
ppt_30,face_14,1.0,0.4284072726694479,361.56641786790743
ppt_30,face_30,1.0,0.4284072726694479,428.1559618526006
ppt_30,face_1,0.0,0.4284072726694479,241.60120812326065
ppt_30,face_31,0.0,0.4284072726694479,355.9660786980606
ppt_30,face_4,1.0,0.4284072726694479,340.1737387680635
ppt_30,face_35,0.0,0.4284072726694479,499.24520746435905
ppt_30,face_12,1.0,0.4284072726694479,255.643704057849
ppt_30,face_11,0.0,0.4284072726694479,415.3675699666998
ppt_30,face_25,0.0,0.4284072726694479,389.8533889392552
ppt_31,face_19,0.0,-0.4454748639398382,356.474250995163
ppt_31,face_30,1.0,-0.4454748639398382,383.99461027150437
ppt_31,face_12,1.0,-0.4454748639398382,420.85305833431556
ppt_31,face_1,0.0,-0.4454748639398382,435.70249607141216
ppt_31,face_3,0.0,-0.4454748639398382,407.70118397262456
ppt_31,face_23,0.0,-0.4454748639398382,302.83783344694046
ppt_31,face_29,0.0,-0.4454748639398382,391.7951463724979
ppt_31,face_17,0.0,-0.4454748639398382,338.1167298081785
ppt_31,face_11,0.0,-0.4454748639398382,429.84196214652695
ppt_31,face_9,0.0,-0.4454748639398382,319.73459030069057
ppt_31,face_32,1.0,-0.4454748639398382,307.6136586816232
ppt_31,face_21,0.0,-0.4454748639398382,346.3495594663902
ppt_31,face_27,0.0,-0.4454748639398382,449.4733628815384
ppt_31,face_15,0.0,-0.4454748639398382,386.2800892534262
ppt_31,face_16,1.0,-0.4454748639398382,397.00194216956334
ppt_31,face_37,0.0,-0.4454748639398382,351.1523867175166
ppt_31,face_28,1.0,-0.4454748639398382,319.2077265448468
ppt_31,face_39,0.0,-0.4454748639398382,379.4932679332055
ppt_31,face_26,1.0,-0.4454748639398382,354.8268192504393
ppt_31,face_24,1.0,-0.4454748639398382,277.52308496948353
ppt_31,face_33,0.0,-0.4454748639398382,451.8335394339407
ppt_31,face_31,0.0,-0.4454748639398382,433.48601843325633
ppt_31,face_35,0.0,-0.4454748639398382,376.393265999981
ppt_31,face_6,1.0,-0.4454748639398382,311.3904919107031
ppt_31,face_22,1.0,-0.4454748639398382,286.3531374929155
ppt_31,face_10,1.0,-0.4454748639398382,418.0738708571131
ppt_32,face_40,1.0,-1.1937790828866597,350.0353217796447
ppt_32,face_24,1.0,-1.1937790828866597,286.67476146981505
ppt_32,face_14,1.0,-1.1937790828866597,306.79510050792373
ppt_32,face_38,1.0,-1.1937790828866597,301.82097501724394
ppt_32,face_12,1.0,-1.1937790828866597,330.1219396258649
ppt_32,face_27,0.0,-1.1937790828866597,364.3641453909386
ppt_32,face_10,1.0,-1.1937790828866597,278.7253748814765
ppt_32,face_21,0.0,-1.1937790828866597,301.29823041505244
ppt_32,face_4,1.0,-1.1937790828866597,251.96743949955845
ppt_32,face_20,1.0,-1.1937790828866597,318.91564584862454
ppt_32,face_23,0.0,-1.1937790828866597,305.647757606514
ppt_32,face_18,1.0,-1.1937790828866597,235.4036132036204
ppt_32,face_8,1.0,-1.1937790828866597,408.2593647133708
ppt_32,face_26,1.0,-1.1937790828866597,424.36041468847907
ppt_32,face_5,0.0,-1.1937790828866597,302.7284345837164
ppt_32,face_30,1.0,-1.1937790828866597,335.3685374964529
ppt_32,face_22,1.0,-1.1937790828866597,251.3763897515052
ppt_32,face_34,1.0,-1.1937790828866597,381.54938769912934
ppt_32,face_35,0.0,-1.1937790828866597,162.16707858171495
ppt_32,face_39,0.0,-1.1937790828866597,333.23374095606573
ppt_32,face_9,0.0,-1.1937790828866597,224.58468785714533
ppt_32,face_6,1.0,-1.1937790828866597,245.70162162436
ppt_32,face_11,0.0,-1.1937790828866597,343.6287274171197
ppt_32,face_32,1.0,-1.1937790828866597,355.3436558893636
ppt_33,face_20,1.0,-0.19645214452264206,412.32441425026263
ppt_33,face_27,0.0,-0.19645214452264206,253.85902830285787
ppt_33,face_35,0.0,-0.19645214452264206,287.5491946600706
ppt_33,face_16,1.0,-0.19645214452264206,291.12162147973515
ppt_33,face_1,0.0,-0.19645214452264206,331.80569224884573
ppt_33,face_34,1.0,-0.19645214452264206,320.65552174388245
ppt_33,face_6,1.0,-0.19645214452264206,306.368069398131
ppt_33,face_7,0.0,-0.19645214452264206,311.30453726148414
ppt_33,face_12,1.0,-0.19645214452264206,357.69948632083833
ppt_33,face_15,0.0,-0.19645214452264206,407.953877506162
ppt_33,face_10,1.0,-0.19645214452264206,251.26342070273722
ppt_33,face_14,1.0,-0.19645214452264206,261.62096517346276
ppt_33,face_38,1.0,-0.19645214452264206,343.1627883898479
ppt_33,face_31,0.0,-0.19645214452264206,155.4706766969368
ppt_33,face_22,1.0,-0.19645214452264206,296.0224771104911
ppt_33,face_23,0.0,-0.19645214452264206,285.56440796979354
ppt_33,face_2,1.0,-0.19645214452264206,363.28474992405796
ppt_33,face_13,0.0,-0.19645214452264206,337.56113819844705
ppt_33,face_11,0.0,-0.19645214452264206,350.2935048050807
ppt_33,face_19,0.0,-0.19645214452264206,273.88460722719
ppt_33,face_24,1.0,-0.19645214452264206,318.6833987269215
ppt_33,face_37,0.0,-0.19645214452264206,324.67025166846526
ppt_33,face_8,1.0,-0.19645214452264206,338.01002811692024
ppt_33,face_39,0.0,-0.19645214452264206,331.8014824265438
ppt_33,face_5,0.0,-0.19645214452264206,274.19158834649113
ppt_33,face_28,1.0,-0.19645214452264206,288.45717053509696
ppt_34,face_18,1.0,-0.8438678431709025,244.68735893901265
ppt_34,face_2,1.0,-0.8438678431709025,320.12793716714623
ppt_34,face_5,0.0,-0.8438678431709025,355.9406183463418
ppt_34,face_1,0.0,-0.8438678431709025,423.05616037744915
ppt_34,face_31,0.0,-0.8438678431709025,183.48088073332752
ppt_34,face_25,0.0,-0.8438678431709025,251.22541332119476
ppt_34,face_13,0.0,-0.8438678431709025,253.1988581992481
ppt_34,face_9,0.0,-0.8438678431709025,203.36321258482553
ppt_34,face_27,0.0,-0.8438678431709025,231.31468607526438
ppt_34,face_34,1.0,-0.8438678431709025,193.68193815324477
ppt_34,face_32,1.0,-0.8438678431709025,258.5051911870865
ppt_34,face_24,1.0,-0.8438678431709025,263.06162052576946
ppt_34,face_36,1.0,-0.8438678431709025,291.6154552482883
ppt_34,face_23,0.0,-0.8438678431709025,182.27547751694476
ppt_34,face_6,1.0,-0.8438678431709025,351.0774121986852
ppt_34,face_14,1.0,-0.8438678431709025,242.9196309022599
ppt_34,face_35,0.0,-0.8438678431709025,147.0514476668582
ppt_34,face_10,1.0,-0.8438678431709025,283.2812381216686
ppt_34,face_4,1.0,-0.8438678431709025,239.32720408764422
ppt_34,face_29,0.0,-0.8438678431709025,225.92055084601046
ppt_34,face_38,1.0,-0.8438678431709025,330.48552956066163
ppt_34,face_37,0.0,-0.8438678431709025,320.45461209118304
ppt_34,face_12,1.0,-0.8438678431709025,230.62605390065366
ppt_34,face_8,1.0,-0.8438678431709025,254.80419728518586
ppt_34,face_11,0.0,-0.8438678431709025,266.3126305748213
ppt_34,face_17,0.0,-0.8438678431709025,295.3880936651836
ppt_35,face_16,1.0,-0.7420808127752997,238.30984210788534
ppt_35,face_15,0.0,-0.7420808127752997,281.26148857637094
ppt_35,face_31,0.0,-0.7420808127752997,291.8013563604239
ppt_35,face_34,1.0,-0.7420808127752997,292.37642059738806
ppt_35,face_6,1.0,-0.7420808127752997,224.1546154123696
ppt_35,face_18,1.0,-0.7420808127752997,221.76912789708936
ppt_35,face_32,1.0,-0.7420808127752997,187.19076724746776
ppt_35,face_21,0.0,-0.7420808127752997,221.42562795663193
ppt_35,face_23,0.0,-0.7420808127752997,302.6356420675435
ppt_35,face_29,0.0,-0.7420808127752997,293.8270548666428
ppt_35,face_9,0.0,-0.7420808127752997,161.5876711406215
ppt_35,face_38,1.0,-0.7420808127752997,310.5642587795094
ppt_35,face_5,0.0,-0.7420808127752997,304.85625168839067
ppt_35,face_10,1.0,-0.7420808127752997,290.53480639734664
ppt_35,face_8,1.0,-0.7420808127752997,295.01271698768176
ppt_35,face_27,0.0,-0.7420808127752997,253.1743701879397
ppt_35,face_37,0.0,-0.7420808127752997,325.2988678736391
ppt_35,face_19,0.0,-0.7420808127752997,318.18856672745244
ppt_35,face_12,1.0,-0.7420808127752997,325.9602960638746
ppt_35,face_30,1.0,-0.7420808127752997,249.50523021080295
ppt_35,face_40,1.0,-0.7420808127752997,311.2063563413304
ppt_35,face_36,1.0,-0.7420808127752997,332.61018338851164
ppt_35,face_13,0.0,-0.7420808127752997,318.59633909996705
ppt_35,face_20,1.0,-0.7420808127752997,241.58027435060973
ppt_35,face_17,0.0,-0.7420808127752997,252.55060835415372
ppt_35,face_4,1.0,-0.7420808127752997,329.84766285989326
ppt_35,face_24,1.0,-0.7420808127752997,263.7972056829814
ppt_36,face_37,0.0,-0.003011703545955153,329.2667286967694
ppt_36,face_40,1.0,-0.003011703545955153,404.5455127643585
ppt_36,face_33,0.0,-0.003011703545955153,199.9559971137334
ppt_36,face_11,0.0,-0.003011703545955153,331.5396618651824
ppt_36,face_20,1.0,-0.003011703545955153,398.0564762012799
ppt_36,face_16,1.0,-0.003011703545955153,348.8371017263552
ppt_36,face_35,0.0,-0.003011703545955153,421.78349579674045
ppt_36,face_23,0.0,-0.003011703545955153,307.3509669250196
ppt_36,face_4,1.0,-0.003011703545955153,247.0956314914808
ppt_36,face_31,0.0,-0.003011703545955153,260.2840787457557
ppt_36,face_21,0.0,-0.003011703545955153,223.10535891668164
ppt_36,face_9,0.0,-0.003011703545955153,300.32322249018887
ppt_36,face_26,1.0,-0.003011703545955153,343.6210571166138
ppt_36,face_24,1.0,-0.003011703545955153,261.6388433686923
ppt_36,face_29,0.0,-0.003011703545955153,330.2505090462488
ppt_36,face_39,0.0,-0.003011703545955153,401.43635802305073
ppt_36,face_3,0.0,-0.003011703545955153,341.4692038439971
ppt_36,face_13,0.0,-0.003011703545955153,295.28388673289334
ppt_36,face_34,1.0,-0.003011703545955153,286.3833766256194
ppt_36,face_1,0.0,-0.003011703545955153,340.66371658362374
ppt_36,face_30,1.0,-0.003011703545955153,315.5735600964426
ppt_36,face_6,1.0,-0.003011703545955153,301.47993562853634
ppt_36,face_19,0.0,-0.003011703545955153,217.33119510981734
ppt_36,face_25,0.0,-0.003011703545955153,417.14040076349175
ppt_36,face_27,0.0,-0.003011703545955153,286.3177041494007
ppt_36,face_36,1.0,-0.003011703545955153,351.3215001862956
ppt_36,face_14,1.0,-0.003011703545955153,294.259012367868
ppt_37,face_2,1.0,-0.4282170042324642,299.8854949009077
ppt_37,face_16,1.0,-0.4282170042324642,306.8301166981082
ppt_37,face_28,1.0,-0.4282170042324642,318.014040343736
ppt_37,face_17,0.0,-0.4282170042324642,363.4882466327692
ppt_37,face_18,1.0,-0.4282170042324642,263.30533464449667
ppt_37,face_8,1.0,-0.4282170042324642,391.11063202209084
ppt_37,face_25,0.0,-0.4282170042324642,302.5172104306558
ppt_37,face_14,1.0,-0.4282170042324642,344.0786549341675
ppt_37,face_1,0.0,-0.4282170042324642,421.520356445434
ppt_37,face_7,0.0,-0.4282170042324642,359.90066116098984
ppt_37,face_39,0.0,-0.4282170042324642,363.2390036464101
ppt_37,face_3,0.0,-0.4282170042324642,342.8326037150917
ppt_37,face_5,0.0,-0.4282170042324642,288.6994615190997
ppt_37,face_4,1.0,-0.4282170042324642,320.07233916900395
ppt_37,face_20,1.0,-0.4282170042324642,286.5073887781902
ppt_37,face_31,0.0,-0.4282170042324642,239.3533658586088
ppt_37,face_24,1.0,-0.4282170042324642,339.35238937321805
ppt_37,face_37,0.0,-0.4282170042324642,332.04173174249433
ppt_37,face_12,1.0,-0.4282170042324642,335.8114651271643
ppt_37,face_13,0.0,-0.4282170042324642,318.1408729513132
ppt_37,face_40,1.0,-0.4282170042324642,427.7620046136108
ppt_37,face_38,1.0,-0.4282170042324642,352.05192324721384
ppt_37,face_30,1.0,-0.4282170042324642,263.2246744087236
ppt_37,face_29,0.0,-0.4282170042324642,337.30715521992005
ppt_37,face_9,0.0,-0.4282170042324642,350.62795774166455
ppt_37,face_34,1.0,-0.4282170042324642,454.0702190235219
ppt_37,face_21,0.0,-0.4282170042324642,268.5120419304148
ppt_37,face_15,0.0,-0.4282170042324642,364.4390462137686
ppt_37,face_26,1.0,-0.4282170042324642,394.3608727556742
ppt_37,face_23,0.0,-0.4282170042324642,391.7609963797224
ppt_38,face_35,0.0,-0.45091855806190007,229.61001515058442
ppt_38,face_9,0.0,-0.45091855806190007,341.4381899008519
ppt_38,face_13,0.0,-0.45091855806190007,365.1760120475769
ppt_38,face_31,0.0,-0.45091855806190007,259.0729877973106
ppt_38,face_29,0.0,-0.45091855806190007,331.76121918883354
ppt_38,face_14,1.0,-0.45091855806190007,258.5413680088019
ppt_38,face_39,0.0,-0.45091855806190007,189.7133476432996
ppt_38,face_40,1.0,-0.45091855806190007,317.5311405938111
ppt_38,face_20,1.0,-0.45091855806190007,367.3479837685306
ppt_38,face_22,1.0,-0.45091855806190007,233.62224896195104
ppt_38,face_18,1.0,-0.45091855806190007,403.9524413583592
ppt_38,face_37,0.0,-0.45091855806190007,192.70465589264595
ppt_38,face_2,1.0,-0.45091855806190007,335.60845554444666
ppt_38,face_28,1.0,-0.45091855806190007,270.79995908267824
ppt_38,face_12,1.0,-0.45091855806190007,343.00350380826103
ppt_38,face_4,1.0,-0.45091855806190007,316.67492044917077
ppt_38,face_7,0.0,-0.45091855806190007,321.4541699074325
ppt_38,face_1,0.0,-0.45091855806190007,398.81596262043263
ppt_38,face_5,0.0,-0.45091855806190007,240.15735625428704
ppt_38,face_21,0.0,-0.45091855806190007,302.72449700394753
ppt_38,face_26,1.0,-0.45091855806190007,342.7829207470803
ppt_38,face_11,0.0,-0.45091855806190007,288.60530989738965
ppt_38,face_6,1.0,-0.45091855806190007,313.7167906059797
ppt_38,face_30,1.0,-0.45091855806190007,350.93123449771747
ppt_38,face_8,1.0,-0.45091855806190007,376.2153190949651
ppt_38,face_10,1.0,-0.45091855806190007,257.41156290829554
ppt_38,face_19,0.0,-0.45091855806190007,247.83102126501632
ppt_38,face_3,0.0,-0.45091855806190007,427.03785137661055
ppt_38,face_36,1.0,-0.45091855806190007,374.5274068645323
ppt_39,face_23,0.0,0.2531780898888711,343.2421726473543
ppt_39,face_21,0.0,0.2531780898888711,389.7082285024582
ppt_39,face_29,0.0,0.2531780898888711,299.41760025898583
ppt_39,face_24,1.0,0.2531780898888711,329.5246927938434
ppt_39,face_25,0.0,0.2531780898888711,338.8287578771515
ppt_39,face_34,1.0,0.2531780898888711,305.250068596653
ppt_39,face_3,0.0,0.2531780898888711,248.11984348425946
ppt_39,face_22,1.0,0.2531780898888711,318.1405772064288
ppt_39,face_5,0.0,0.2531780898888711,485.24499557089126
ppt_39,face_38,1.0,0.2531780898888711,303.56633973148803
ppt_39,face_6,1.0,0.2531780898888711,403.7113574974925
ppt_39,face_36,1.0,0.2531780898888711,395.729183965361
ppt_39,face_28,1.0,0.2531780898888711,294.8662020021799
ppt_39,face_39,0.0,0.2531780898888711,372.5877756519477
ppt_39,face_18,1.0,0.2531780898888711,377.46816654168646
ppt_39,face_40,1.0,0.2531780898888711,321.15030437959336
ppt_39,face_10,1.0,0.2531780898888711,300.2263409586141
ppt_39,face_12,1.0,0.2531780898888711,305.70963599970065
ppt_39,face_13,0.0,0.2531780898888711,370.97016746131345
ppt_39,face_35,0.0,0.2531780898888711,462.64399699944045
ppt_39,face_1,0.0,0.2531780898888711,299.87909667393734
ppt_39,face_30,1.0,0.2531780898888711,417.1935101124469
ppt_39,face_2,1.0,0.2531780898888711,311.9394814267851
ppt_39,face_14,1.0,0.2531780898888711,406.0262221646935
ppt_39,face_9,0.0,0.2531780898888711,380.7710422284458
ppt_4,face_7,0.0,0.9894862209253298,244.3819229619707
ppt_4,face_20,1.0,0.9894862209253298,214.17346248581072
ppt_4,face_19,0.0,0.9894862209253298,205.78634005441373
ppt_4,face_1,0.0,0.9894862209253298,236.5790767544291
ppt_4,face_40,1.0,0.9894862209253298,269.0294520149669
ppt_4,face_39,0.0,0.9894862209253298,242.05134707343998
ppt_4,face_32,1.0,0.9894862209253298,243.84820382259034
ppt_4,face_2,1.0,0.9894862209253298,215.91883931985296
ppt_4,face_14,1.0,0.9894862209253298,293.78979411599323
ppt_4,face_22,1.0,0.9894862209253298,321.45557870720506
ppt_4,face_3,0.0,0.9894862209253298,282.027187885755
ppt_4,face_33,0.0,0.9894862209253298,117.89597196723783
ppt_4,face_38,1.0,0.9894862209253298,194.1476386951434
ppt_4,face_13,0.0,0.9894862209253298,334.1155053640995
ppt_4,face_23,0.0,0.9894862209253298,391.5618935726459
ppt_4,face_25,0.0,0.9894862209253298,417.8655595973808
ppt_4,face_16,1.0,0.9894862209253298,245.91788539428023
ppt_4,face_18,1.0,0.9894862209253298,349.68433129687565
ppt_4,face_24,1.0,0.9894862209253298,308.63150039525175
ppt_4,face_27,0.0,0.9894862209253298,208.08583331612928
ppt_4,face_37,0.0,0.9894862209253298,343.54622169490983
ppt_4,face_29,0.0,0.9894862209253298,386.00278342160567
ppt_4,face_15,0.0,0.9894862209253298,246.93357612890327
ppt_4,face_9,0.0,0.9894862209253298,364.475726317051
ppt_4,face_36,1.0,0.9894862209253298,245.63452592808815
ppt_4,face_4,1.0,0.9894862209253298,347.3702265109539
ppt_4,face_12,1.0,0.9894862209253298,198.10102983724997
ppt_4,face_34,1.0,0.9894862209253298,288.906972985916
ppt_4,face_21,0.0,0.9894862209253298,412.5879068644253
ppt_4,face_31,0.0,0.9894862209253298,373.83992502926253
ppt_40,face_14,1.0,-0.4629486010144182,296.17417942096284
ppt_40,face_27,0.0,-0.4629486010144182,369.3322858769202
ppt_40,face_9,0.0,-0.4629486010144182,242.85164242415905
ppt_40,face_7,0.0,-0.4629486010144182,298.8377670147897
ppt_40,face_21,0.0,-0.4629486010144182,264.0029988029165
ppt_40,face_31,0.0,-0.4629486010144182,305.57185415295294
ppt_40,face_37,0.0,-0.4629486010144182,351.960115186986
ppt_40,face_12,1.0,-0.4629486010144182,343.73208292812205
ppt_40,face_26,1.0,-0.4629486010144182,335.986583228745
ppt_40,face_24,1.0,-0.4629486010144182,242.85399030096377
ppt_40,face_19,0.0,-0.4629486010144182,242.5599329361452
ppt_40,face_18,1.0,-0.4629486010144182,233.04051040665033
ppt_40,face_39,0.0,-0.4629486010144182,255.11908550912983
ppt_40,face_2,1.0,-0.4629486010144182,302.7875732733784
ppt_40,face_16,1.0,-0.4629486010144182,282.6193002773753
ppt_40,face_1,0.0,-0.4629486010144182,325.2370195824725
ppt_40,face_28,1.0,-0.4629486010144182,333.42908796533965
ppt_40,face_30,1.0,-0.4629486010144182,223.84471163238373
ppt_40,face_11,0.0,-0.4629486010144182,255.11684124741043
ppt_40,face_40,1.0,-0.4629486010144182,251.9055381791223
ppt_40,face_15,0.0,-0.4629486010144182,338.8877513977294
ppt_40,face_13,0.0,-0.4629486010144182,306.19088569047267
ppt_40,face_6,1.0,-0.4629486010144182,219.72729305812203
ppt_40,face_17,0.0,-0.4629486010144182,367.9977159605067
ppt_40,face_4,1.0,-0.4629486010144182,376.28622028639035
ppt_40,face_35,0.0,-0.4629486010144182,254.70245865664435
ppt_40,face_8,1.0,-0.4629486010144182,403.16429011972934
ppt_40,face_36,1.0,-0.4629486010144182,336.38777593130186
ppt_41,face_24,1.0,-0.09058656755964746,263.0825719969005
ppt_41,face_17,0.0,-0.09058656755964746,323.8907831200998
ppt_41,face_40,1.0,-0.09058656755964746,351.98822290624156
ppt_41,face_36,1.0,-0.09058656755964746,250.34670631445363
ppt_41,face_6,1.0,-0.09058656755964746,244.4674243139593
ppt_41,face_21,0.0,-0.09058656755964746,318.20238396741917
ppt_41,face_20,1.0,-0.09058656755964746,243.62743908731898
ppt_41,face_7,0.0,-0.09058656755964746,354.578302775077
ppt_41,face_8,1.0,-0.09058656755964746,241.87809240836395
ppt_41,face_9,0.0,-0.09058656755964746,206.30250432427533
ppt_41,face_38,1.0,-0.09058656755964746,304.3526826289338
ppt_41,face_22,1.0,-0.09058656755964746,318.3386118294581
ppt_41,face_28,1.0,-0.09058656755964746,275.25278880371354
ppt_41,face_23,0.0,-0.09058656755964746,196.7597016829243
ppt_41,face_32,1.0,-0.09058656755964746,270.0239664766655
ppt_41,face_33,0.0,-0.09058656755964746,320.09793302372987
ppt_41,face_5,0.0,-0.09058656755964746,214.75877039879776
ppt_41,face_13,0.0,-0.09058656755964746,320.8854459423166
ppt_41,face_2,1.0,-0.09058656755964746,337.51568224373614
ppt_41,face_11,0.0,-0.09058656755964746,405.9491044947551
ppt_41,face_34,1.0,-0.09058656755964746,321.1532682619119
ppt_41,face_4,1.0,-0.09058656755964746,200.72981984200032
ppt_41,face_27,0.0,-0.09058656755964746,189.11397246467573
ppt_41,face_31,0.0,-0.09058656755964746,219.78709305136908
ppt_41,face_26,1.0,-0.09058656755964746,283.3653821591252
ppt_41,face_30,1.0,-0.09058656755964746,303.28099101611366
ppt_41,face_35,0.0,-0.09058656755964746,273.45840839893674
ppt_41,face_29,0.0,-0.09058656755964746,388.68823439141136
ppt_41,face_14,1.0,-0.09058656755964746,204.0203431208205
ppt_42,face_16,1.0,1.1277041265277878,261.69729317755537
ppt_42,face_12,1.0,1.1277041265277878,190.5857641359317
ppt_42,face_9,0.0,1.1277041265277878,528.4542242935015
ppt_42,face_19,0.0,1.1277041265277878,339.8347181434805
ppt_42,face_2,1.0,1.1277041265277878,286.701061347077
ppt_42,face_27,0.0,1.1277041265277878,282.24530060755694
ppt_42,face_33,0.0,1.1277041265277878,257.18331020387313
ppt_42,face_5,0.0,1.1277041265277878,398.1900915432209
ppt_42,face_1,0.0,1.1277041265277878,215.29070607267985
ppt_42,face_32,1.0,1.1277041265277878,137.57130142522792
ppt_42,face_30,1.0,1.1277041265277878,411.5011870863378
ppt_42,face_35,0.0,1.1277041265277878,563.8814374662312
ppt_42,face_40,1.0,1.1277041265277878,231.0289299459334
ppt_42,face_3,0.0,1.1277041265277878,406.18502590454136
ppt_42,face_18,1.0,1.1277041265277878,367.51104441170736
ppt_42,face_36,1.0,1.1277041265277878,298.87062574213644
ppt_42,face_29,0.0,1.1277041265277878,381.7828121116604
ppt_42,face_37,0.0,1.1277041265277878,361.7740025748531
ppt_42,face_31,0.0,1.1277041265277878,386.61457012614443
ppt_42,face_13,0.0,1.1277041265277878,341.40848371638816
ppt_42,face_28,1.0,1.1277041265277878,383.156306202099
ppt_42,face_26,1.0,1.1277041265277878,243.22795889212563
ppt_42,face_39,0.0,1.1277041265277878,345.9015020855411
ppt_42,face_4,1.0,1.1277041265277878,338.60770506268926
ppt_42,face_8,1.0,1.1277041265277878,118.45239999030665
ppt_42,face_17,0.0,1.1277041265277878,515.8552214691025
ppt_43,face_7,0.0,-0.265210232595155,389.52472223268813
ppt_43,face_18,1.0,-0.265210232595155,321.98607030909733
ppt_43,face_15,0.0,-0.265210232595155,450.53988971785674
ppt_43,face_22,1.0,-0.265210232595155,265.7532140592758
ppt_43,face_34,1.0,-0.265210232595155,451.6512439803425
ppt_43,face_6,1.0,-0.265210232595155,348.0409933670592
ppt_43,face_25,0.0,-0.265210232595155,382.94484055836784
ppt_43,face_26,1.0,-0.265210232595155,355.5707191365707
ppt_43,face_29,0.0,-0.265210232595155,356.23319085548525
ppt_43,face_11,0.0,-0.265210232595155,372.51270972131556
ppt_43,face_37,0.0,-0.265210232595155,270.62003001514466
ppt_43,face_9,0.0,-0.265210232595155,363.4391093874429
ppt_43,face_32,1.0,-0.265210232595155,382.74115373915464
ppt_43,face_31,0.0,-0.265210232595155,306.5858715688612
ppt_43,face_5,0.0,-0.265210232595155,332.38444857597796
ppt_43,face_20,1.0,-0.265210232595155,276.91925473485554
ppt_43,face_40,1.0,-0.265210232595155,343.1788272453211
ppt_43,face_17,0.0,-0.265210232595155,372.9174236560116
ppt_43,face_12,1.0,-0.265210232595155,367.8799112232786
ppt_43,face_14,1.0,-0.265210232595155,364.3080454416824
ppt_43,face_23,0.0,-0.265210232595155,406.41886165096327
ppt_43,face_1,0.0,-0.265210232595155,457.9573388734755
ppt_43,face_13,0.0,-0.265210232595155,418.8310771694285
ppt_43,face_21,0.0,-0.265210232595155,292.9696820742728
ppt_43,face_28,1.0,-0.265210232595155,262.9152335535434
ppt_43,face_39,0.0,-0.265210232595155,338.31641162678255
ppt_43,face_36,1.0,-0.265210232595155,354.07260227621373
ppt_43,face_27,0.0,-0.265210232595155,347.97955531065946
ppt_43,face_3,0.0,-0.265210232595155,380.0715863798422
ppt_43,face_33,0.0,-0.265210232595155,354.3202149024313
ppt_44,face_12,1.0,0.10540508270744064,296.0635693774671
ppt_44,face_6,1.0,0.10540508270744064,218.13722074362693
ppt_44,face_1,0.0,0.10540508270744064,279.24320877460394
ppt_44,face_39,0.0,0.10540508270744064,320.6609017897315
ppt_44,face_29,0.0,0.10540508270744064,270.53377965319845
ppt_44,face_9,0.0,0.10540508270744064,354.7033450680895
ppt_44,face_31,0.0,0.10540508270744064,235.77388431863474
ppt_44,face_35,0.0,0.10540508270744064,295.2989051949405
ppt_44,face_16,1.0,0.10540508270744064,309.40440661012207
ppt_44,face_3,0.0,0.10540508270744064,371.1232745905694
ppt_44,face_24,1.0,0.10540508270744064,282.49700837475416
ppt_44,face_19,0.0,0.10540508270744064,270.0331935097065
ppt_44,face_18,1.0,0.10540508270744064,232.6151007417984
ppt_44,face_17,0.0,0.10540508270744064,257.35230063295415
ppt_44,face_13,0.0,0.10540508270744064,300.6698217832697
ppt_44,face_7,0.0,0.10540508270744064,296.5920953423962
ppt_44,face_5,0.0,0.10540508270744064,263.37451867910175
ppt_44,face_4,1.0,0.10540508270744064,250.59649202839665
ppt_44,face_23,0.0,0.10540508270744064,328.8494496017016
ppt_44,face_20,1.0,0.10540508270744064,169.45383438302773
ppt_44,face_36,1.0,0.10540508270744064,292.4772748879463
ppt_44,face_26,1.0,0.10540508270744064,319.2643234694258
ppt_44,face_34,1.0,0.10540508270744064,259.55997277645446
ppt_44,face_28,1.0,0.10540508270744064,175.53248153176713
ppt_44,face_38,1.0,0.10540508270744064,293.56951818172
ppt_44,face_25,0.0,0.10540508270744064,238.976899142709
ppt_44,face_33,0.0,0.10540508270744064,237.92028168898952
ppt_44,face_10,1.0,0.10540508270744064,337.11152977238555
ppt_44,face_11,0.0,0.10540508270744064,303.7678851938745
ppt_45,face_30,1.0,-0.6926172076504153,222.26292463577423
ppt_45,face_22,1.0,-0.6926172076504153,159.2117019004683
ppt_45,face_19,0.0,-0.6926172076504153,283.5367732176836
ppt_45,face_10,1.0,-0.6926172076504153,206.31790928704476
ppt_45,face_1,0.0,-0.6926172076504153,335.7936047642318
ppt_45,face_9,0.0,-0.6926172076504153,281.5928959737267
ppt_45,face_31,0.0,-0.6926172076504153,241.91984580611373
ppt_45,face_12,1.0,-0.6926172076504153,259.7470867700805
ppt_45,face_6,1.0,-0.6926172076504153,189.22881687922052
ppt_45,face_23,0.0,-0.6926172076504153,272.255007013741
ppt_45,face_15,0.0,-0.6926172076504153,304.77002974040676
ppt_45,face_36,1.0,-0.6926172076504153,223.79067059331027
ppt_45,face_24,1.0,-0.6926172076504153,148.65027224463594
ppt_45,face_27,0.0,-0.6926172076504153,221.39903666913648
ppt_45,face_18,1.0,-0.6926172076504153,171.80699194398983
ppt_45,face_16,1.0,-0.6926172076504153,229.1698029377141
ppt_45,face_28,1.0,-0.6926172076504153,121.38873896957134
ppt_45,face_32,1.0,-0.6926172076504153,167.81334682525133
ppt_45,face_7,0.0,-0.6926172076504153,274.60084606383884
ppt_45,face_21,0.0,-0.6926172076504153,214.11804065908382
ppt_45,face_11,0.0,-0.6926172076504153,274.2055690478775
ppt_45,face_14,1.0,-0.6926172076504153,263.0208592202102
ppt_45,face_40,1.0,-0.6926172076504153,205.86460088359718
ppt_45,face_13,0.0,-0.6926172076504153,290.4109422504348
ppt_45,face_20,1.0,-0.6926172076504153,341.6796066802312
ppt_45,face_39,0.0,-0.6926172076504153,368.39211649755885
ppt_45,face_4,1.0,-0.6926172076504153,215.25837372863728
ppt_45,face_29,0.0,-0.6926172076504153,306.5270502900737
ppt_45,face_34,1.0,-0.6926172076504153,278.60772144515664
ppt_46,face_39,0.0,0.09050688587058094,313.8986502343837
ppt_46,face_16,1.0,0.09050688587058094,205.44996117769398
ppt_46,face_8,1.0,0.09050688587058094,213.81128537275612
ppt_46,face_5,0.0,0.09050688587058094,352.0324840710442
ppt_46,face_3,0.0,0.09050688587058094,353.5771959843509
ppt_46,face_11,0.0,0.09050688587058094,417.9550668700423
ppt_46,face_7,0.0,0.09050688587058094,288.4512156822171
ppt_46,face_6,1.0,0.09050688587058094,216.62091721122997
ppt_46,face_34,1.0,0.09050688587058094,158.32238443881167
ppt_46,face_12,1.0,0.09050688587058094,234.32837170898208
ppt_46,face_24,1.0,0.09050688587058094,193.65631258438404
ppt_46,face_33,0.0,0.09050688587058094,259.1090006167145
ppt_46,face_36,1.0,0.09050688587058094,112.86256193462837
ppt_46,face_17,0.0,0.09050688587058094,404.95418303330973
ppt_46,face_29,0.0,0.09050688587058094,302.8630655334407
ppt_46,face_15,0.0,0.09050688587058094,350.19232023759395
ppt_46,face_20,1.0,0.09050688587058094,188.67728931449813
ppt_46,face_18,1.0,0.09050688587058094,226.29099100307516
ppt_46,face_23,0.0,0.09050688587058094,390.5458794173953
ppt_46,face_2,1.0,0.09050688587058094,227.20657281224578
ppt_46,face_4,1.0,0.09050688587058094,206.14755133945155
ppt_46,face_35,0.0,0.09050688587058094,380.90767249813376
ppt_46,face_32,1.0,0.09050688587058094,210.16076020562892
ppt_46,face_14,1.0,0.09050688587058094,308.26768498039115
ppt_46,face_27,0.0,0.09050688587058094,297.53568425956814
ppt_46,face_31,0.0,0.09050688587058094,340.28332202933547
ppt_47,face_8,1.0,1.9881467095044822,142.84123306249714
ppt_47,face_34,1.0,1.9881467095044822,342.2961756071767
ppt_47,face_13,0.0,1.9881467095044822,505.4800123867438
ppt_47,face_35,0.0,1.9881467095044822,621.5521326228693
ppt_47,face_37,0.0,1.9881467095044822,426.9818200297033
ppt_47,face_20,1.0,1.9881467095044822,230.40723965873914
ppt_47,face_15,0.0,1.9881467095044822,467.37569271796184
ppt_47,face_39,0.0,1.9881467095044822,251.5417770076062
ppt_47,face_10,1.0,1.9881467095044822,569.411099557858
ppt_47,face_31,0.0,1.9881467095044822,483.82025024622
ppt_47,face_30,1.0,1.9881467095044822,474.50221694343753
ppt_47,face_9,0.0,1.9881467095044822,519.6627520798779
ppt_47,face_38,1.0,1.9881467095044822,421.8754788785448
ppt_47,face_33,0.0,1.9881467095044822,128.08487639890436
ppt_47,face_16,1.0,1.9881467095044822,402.43605570127033
ppt_47,face_28,1.0,1.9881467095044822,487.2740226810236
ppt_47,face_27,0.0,1.9881467095044822,397.7735971630199
ppt_47,face_19,0.0,1.9881467095044822,396.9292715125049
ppt_47,face_3,0.0,1.9881467095044822,392.11169441094603
ppt_47,face_6,1.0,1.9881467095044822,491.9301457992915
ppt_47,face_29,0.0,1.9881467095044822,426.83860394071036
ppt_47,face_17,0.0,1.9881467095044822,588.8926925605233
ppt_47,face_40,1.0,1.9881467095044822,331.47569828225994
ppt_47,face_32,1.0,1.9881467095044822,336.4086577509306
ppt_47,face_4,1.0,1.9881467095044822,369.5247038255728
ppt_47,face_1,0.0,1.9881467095044822,181.33085433595548
ppt_47,face_5,0.0,1.9881467095044822,385.8408967461216
ppt_47,face_26,1.0,1.9881467095044822,250.57894940531193
ppt_47,face_25,0.0,1.9881467095044822,511.94382592615653
ppt_47,face_11,0.0,1.9881467095044822,359.10716093415436
ppt_48,face_14,1.0,0.30462928341408513,428.16380401746915
ppt_48,face_22,1.0,0.30462928341408513,412.1959792603077
ppt_48,face_36,1.0,0.30462928341408513,447.03631478091137
ppt_48,face_27,0.0,0.30462928341408513,425.8579933752876
ppt_48,face_21,0.0,0.30462928341408513,421.93587386743405
ppt_48,face_13,0.0,0.30462928341408513,358.7390146688071
ppt_48,face_26,1.0,0.30462928341408513,428.91921850033424
ppt_48,face_30,1.0,0.30462928341408513,424.6879593770406
ppt_48,face_15,0.0,0.30462928341408513,433.48817005384086
ppt_48,face_9,0.0,0.30462928341408513,452.1400784440127
ppt_48,face_18,1.0,0.30462928341408513,398.1937872795386
ppt_48,face_8,1.0,0.30462928341408513,352.43454611981326
ppt_48,face_28,1.0,0.30462928341408513,522.1675842203138
ppt_48,face_32,1.0,0.30462928341408513,334.6826775109204
ppt_48,face_12,1.0,0.30462928341408513,328.74953813008204
ppt_48,face_39,0.0,0.30462928341408513,345.69970756292685
ppt_48,face_20,1.0,0.30462928341408513,367.8679339660369
ppt_48,face_17,0.0,0.30462928341408513,401.5254727098683
ppt_48,face_6,1.0,0.30462928341408513,351.301283909548
ppt_48,face_10,1.0,0.30462928341408513,384.3724763512072
ppt_48,face_19,0.0,0.30462928341408513,378.05101785443185
ppt_48,face_37,0.0,0.30462928341408513,370.95810253275596
ppt_48,face_25,0.0,0.30462928341408513,498.98852817555314
ppt_48,face_3,0.0,0.30462928341408513,363.47907840232483
ppt_48,face_1,0.0,0.30462928341408513,393.1189668463386
ppt_48,face_7,0.0,0.30462928341408513,385.5018218264882
ppt_48,face_2,1.0,0.30462928341408513,425.74184461170387
ppt_49,face_33,0.0,-0.43817128829848523,272.430329003917
ppt_49,face_24,1.0,-0.43817128829848523,290.3180717908806
ppt_49,face_12,1.0,-0.43817128829848523,219.4105981663474
ppt_49,face_30,1.0,-0.43817128829848523,184.0237659127121
ppt_49,face_8,1.0,-0.43817128829848523,251.01850836304925
ppt_49,face_3,0.0,-0.43817128829848523,263.9282479012222
ppt_49,face_28,1.0,-0.43817128829848523,241.97900065986073
ppt_49,face_14,1.0,-0.43817128829848523,250.4102487829774
ppt_49,face_25,0.0,-0.43817128829848523,258.82685025988366
ppt_49,face_7,0.0,-0.43817128829848523,239.3872695499364
ppt_49,face_13,0.0,-0.43817128829848523,310.9186112865302
ppt_49,face_36,1.0,-0.43817128829848523,203.1317568673618
ppt_49,face_11,0.0,-0.43817128829848523,304.060142163198
ppt_49,face_4,1.0,-0.43817128829848523,314.5790814605692
ppt_49,face_32,1.0,-0.43817128829848523,288.0414997726793
ppt_49,face_29,0.0,-0.43817128829848523,184.76737254962757
ppt_49,face_22,1.0,-0.43817128829848523,222.06976347560547
ppt_49,face_35,0.0,-0.43817128829848523,234.8432910660156
ppt_49,face_5,0.0,-0.43817128829848523,298.9035463829999
ppt_49,face_27,0.0,-0.43817128829848523,295.81972028258355
ppt_49,face_31,0.0,-0.43817128829848523,234.31973060705843
ppt_49,face_16,1.0,-0.43817128829848523,145.89316548257233
ppt_49,face_23,0.0,-0.43817128829848523,267.4004241341877
ppt_49,face_9,0.0,-0.43817128829848523,364.1012698683214
ppt_49,face_17,0.0,-0.43817128829848523,261.4608887324608
ppt_49,face_37,0.0,-0.43817128829848523,328.9026401320483
ppt_49,face_34,1.0,-0.43817128829848523,262.3846590289441
ppt_49,face_40,1.0,-0.43817128829848523,274.7945431383154
ppt_5,face_1,0.0,0.05632294786913472,376.36102907093374
ppt_5,face_22,1.0,0.05632294786913472,442.67771487490273
ppt_5,face_40,1.0,0.05632294786913472,327.44108660711623
ppt_5,face_2,1.0,0.05632294786913472,352.06780460614254
ppt_5,face_21,0.0,0.05632294786913472,516.0324161638842
ppt_5,face_4,1.0,0.05632294786913472,389.70475926553263
ppt_5,face_7,0.0,0.05632294786913472,409.55515280334293
ppt_5,face_19,0.0,0.05632294786913472,364.4406577482884
ppt_5,face_20,1.0,0.05632294786913472,364.171834067636
ppt_5,face_15,0.0,0.05632294786913472,399.681653334356
ppt_5,face_35,0.0,0.05632294786913472,419.3100997989719
ppt_5,face_30,1.0,0.05632294786913472,322.2795503296898
ppt_5,face_14,1.0,0.05632294786913472,411.4971713923324
ppt_5,face_13,0.0,0.05632294786913472,314.2080335257502
ppt_5,face_34,1.0,0.05632294786913472,385.2806772284964
ppt_5,face_24,1.0,0.05632294786913472,288.2507042123837
ppt_5,face_18,1.0,0.05632294786913472,362.9759850475687
ppt_5,face_28,1.0,0.05632294786913472,334.77617312304096
ppt_5,face_26,1.0,0.05632294786913472,440.6129098303651
ppt_5,face_17,0.0,0.05632294786913472,501.2595113895771
ppt_5,face_11,0.0,0.05632294786913472,504.8582542423795
ppt_5,face_32,1.0,0.05632294786913472,373.9014782678929
ppt_5,face_3,0.0,0.05632294786913472,401.6279139548134
ppt_5,face_6,1.0,0.05632294786913472,286.4343352248854
ppt_5,face_33,0.0,0.05632294786913472,369.78265930048053
ppt_5,face_5,0.0,0.05632294786913472,407.41813682755367
ppt_50,face_26,1.0,-0.9886596340735794,172.6992739150805
ppt_50,face_23,0.0,-0.9886596340735794,192.95709694456778
ppt_50,face_8,1.0,-0.9886596340735794,333.7579474888557
ppt_50,face_4,1.0,-0.9886596340735794,234.05993309090886
ppt_50,face_34,1.0,-0.9886596340735794,182.90088959416136
ppt_50,face_7,0.0,-0.9886596340735794,243.74365005421652
ppt_50,face_21,0.0,-0.9886596340735794,129.98105354262378
ppt_50,face_19,0.0,-0.9886596340735794,285.70215167897953
ppt_50,face_39,0.0,-0.9886596340735794,301.54084789319273
ppt_50,face_40,1.0,-0.9886596340735794,222.80257632059931
ppt_50,face_20,1.0,-0.9886596340735794,300.58733011072997
ppt_50,face_14,1.0,-0.9886596340735794,239.30944103970705
ppt_50,face_37,0.0,-0.9886596340735794,213.09490461279506
ppt_50,face_36,1.0,-0.9886596340735794,232.30930717496187
ppt_50,face_33,0.0,-0.9886596340735794,421.796441368907
ppt_50,face_6,1.0,-0.9886596340735794,160.75492439151492
ppt_50,face_3,0.0,-0.9886596340735794,316.9091019191846
ppt_50,face_12,1.0,-0.9886596340735794,266.4320421091407
ppt_50,face_27,0.0,-0.9886596340735794,253.38365040018869
ppt_50,face_38,1.0,-0.9886596340735794,214.7310480980978
ppt_50,face_18,1.0,-0.9886596340735794,212.90515803149617
ppt_50,face_25,0.0,-0.9886596340735794,128.44337264838953
ppt_50,face_24,1.0,-0.9886596340735794,165.23209909877264
ppt_50,face_22,1.0,-0.9886596340735794,203.8215270773711
ppt_50,face_11,0.0,-0.9886596340735794,325.91114323634474
ppt_50,face_9,0.0,-0.9886596340735794,249.9477505901708
ppt_50,face_16,1.0,-0.9886596340735794,288.04833060524527
ppt_50,face_5,0.0,-0.9886596340735794,231.48496053403971
ppt_50,face_2,1.0,-0.9886596340735794,204.79857555900978
ppt_50,face_31,0.0,-0.9886596340735794,178.54216735406368
ppt_51,face_15,0.0,-1.409830634380845,278.8816229901896
ppt_51,face_35,0.0,-1.409830634380845,99.88980072394651
ppt_51,face_22,1.0,-1.409830634380845,96.95517245774586
ppt_51,face_29,0.0,-1.409830634380845,186.9644244721963
ppt_51,face_32,1.0,-1.409830634380845,284.74860341301877
ppt_51,face_37,0.0,-1.409830634380845,222.67928239610285
ppt_51,face_6,1.0,-1.409830634380845,195.94970449743678
ppt_51,face_34,1.0,-1.409830634380845,172.7344367454433
ppt_51,face_24,1.0,-1.409830634380845,214.4002522781697
ppt_51,face_11,0.0,-1.409830634380845,312.15027053768875
ppt_51,face_23,0.0,-1.409830634380845,152.9674195889545
ppt_51,face_9,0.0,-1.409830634380845,212.90134472107636
ppt_51,face_10,1.0,-1.409830634380845,41.92085770162042
ppt_51,face_38,1.0,-1.409830634380845,165.76758992595032
ppt_51,face_27,0.0,-1.409830634380845,204.98793603494508
ppt_51,face_3,0.0,-1.409830634380845,299.8550046659491
ppt_51,face_16,1.0,-1.409830634380845,240.07594082995377
ppt_51,face_26,1.0,-1.409830634380845,372.23139378648193
ppt_51,face_5,0.0,-1.409830634380845,367.40979821902937
ppt_51,face_25,0.0,-1.409830634380845,155.11792759235126
ppt_51,face_7,0.0,-1.409830634380845,149.25103678284708
ppt_51,face_18,1.0,-1.409830634380845,144.8594767374471
ppt_51,face_36,1.0,-1.409830634380845,271.5673580534286
ppt_51,face_40,1.0,-1.409830634380845,343.28741281327075
ppt_51,face_17,0.0,-1.409830634380845,106.71497965603488
ppt_51,face_39,0.0,-1.409830634380845,385.77099406902556
ppt_51,face_28,1.0,-1.409830634380845,11.01329701319624
ppt_52,face_23,0.0,2.4240189965870087,672.0080405973167
ppt_52,face_32,1.0,2.4240189965870087,487.1775693090006
ppt_52,face_1,0.0,2.4240189965870087,237.74348114918226
ppt_52,face_4,1.0,2.4240189965870087,424.99060501914846
ppt_52,face_13,0.0,2.4240189965870087,466.21282878108633
ppt_52,face_27,0.0,2.4240189965870087,467.3645591650152
ppt_52,face_28,1.0,2.4240189965870087,733.558208836273
ppt_52,face_7,0.0,2.4240189965870087,562.0471275018602
ppt_52,face_18,1.0,2.4240189965870087,672.0779745794406
ppt_52,face_10,1.0,2.4240189965870087,717.1826743717022
ppt_52,face_20,1.0,2.4240189965870087,469.23687015218906
ppt_52,face_6,1.0,2.4240189965870087,673.1755418953481
ppt_52,face_34,1.0,2.4240189965870087,598.0366956861475
ppt_52,face_19,0.0,2.4240189965870087,493.73506572684875
ppt_52,face_26,1.0,2.4240189965870087,317.88254517343364
ppt_52,face_36,1.0,2.4240189965870087,508.55301179119294
ppt_52,face_22,1.0,2.4240189965870087,747.0763067695933
ppt_52,face_38,1.0,2.4240189965870087,472.8143895235556
ppt_52,face_33,0.0,2.4240189965870087,130.0672248974573
ppt_52,face_2,1.0,2.4240189965870087,531.4779327825426
ppt_52,face_21,0.0,2.4240189965870087,832.8040962649075
ppt_52,face_29,0.0,2.4240189965870087,626.8518027790388
ppt_52,face_30,1.0,2.4240189965870087,640.3050121534802
ppt_52,face_15,0.0,2.4240189965870087,596.3346965691203
ppt_52,face_3,0.0,2.4240189965870087,423.0105426187787
ppt_52,face_14,1.0,2.4240189965870087,600.6586424446828
ppt_52,face_39,0.0,2.4240189965870087,409.76795828138256
ppt_52,face_8,1.0,2.4240189965870087,165.69290230616508
ppt_53,face_6,1.0,1.0366113117590698,426.0468589323273
ppt_53,face_1,0.0,1.0366113117590698,208.40685899156773
ppt_53,face_21,0.0,1.0366113117590698,538.7457834794122
ppt_53,face_34,1.0,1.0366113117590698,409.24130167907947
ppt_53,face_22,1.0,1.0366113117590698,516.9122610015897
ppt_53,face_26,1.0,1.0366113117590698,352.8880700507382
ppt_53,face_33,0.0,1.0366113117590698,288.29664185137034
ppt_53,face_15,0.0,1.0366113117590698,515.0511917672599
ppt_53,face_2,1.0,1.0366113117590698,465.18009750305794
ppt_53,face_14,1.0,1.0366113117590698,452.2042372527174
ppt_53,face_11,0.0,1.0366113117590698,452.213581446939
ppt_53,face_17,0.0,1.0366113117590698,507.9758051505137
ppt_53,face_24,1.0,1.0366113117590698,388.91945154988264
ppt_53,face_19,0.0,1.0366113117590698,425.6456389642608
ppt_53,face_23,0.0,1.0366113117590698,432.87201549576235
ppt_53,face_39,0.0,1.0366113117590698,347.20006603202717
ppt_53,face_5,0.0,1.0366113117590698,420.7137136813949
ppt_53,face_27,0.0,1.0366113117590698,347.893621977321
ppt_53,face_35,0.0,1.0366113117590698,598.99556391916
ppt_53,face_20,1.0,1.0366113117590698,328.488060468633
ppt_53,face_29,0.0,1.0366113117590698,541.3580726024103
ppt_53,face_8,1.0,1.0366113117590698,313.55120663294156
ppt_53,face_12,1.0,1.0366113117590698,388.6103851381108
ppt_53,face_13,0.0,1.0366113117590698,418.05975002792866
ppt_53,face_36,1.0,1.0366113117590698,448.0297229449962
ppt_53,face_32,1.0,1.0366113117590698,455.63728366986237
ppt_53,face_37,0.0,1.0366113117590698,420.94441039485616
ppt_53,face_38,1.0,1.0366113117590698,374.24518348455865
ppt_53,face_4,1.0,1.0366113117590698,426.106066096815
ppt_53,face_18,1.0,1.0366113117590698,468.17474760577016
ppt_53,face_7,0.0,1.0366113117590698,515.1903834003223
ppt_54,face_39,0.0,0.4083386978809122,334.96502935728483
ppt_54,face_29,0.0,0.4083386978809122,337.8630207198045
ppt_54,face_10,1.0,0.4083386978809122,214.688267271013
ppt_54,face_2,1.0,0.4083386978809122,273.87582518172684
ppt_54,face_40,1.0,0.4083386978809122,331.28217607637225
ppt_54,face_20,1.0,0.4083386978809122,233.90539625983433
ppt_54,face_8,1.0,0.4083386978809122,209.87292497257084
ppt_54,face_12,1.0,0.4083386978809122,285.769800716168
ppt_54,face_23,0.0,0.4083386978809122,362.7302474085076
ppt_54,face_37,0.0,0.4083386978809122,387.5119223590146
ppt_54,face_26,1.0,0.4083386978809122,254.28011479218748
ppt_54,face_30,1.0,0.4083386978809122,348.4965601889762
ppt_54,face_4,1.0,0.4083386978809122,264.2407594893329
ppt_54,face_35,0.0,0.4083386978809122,485.6209812027268
ppt_54,face_25,0.0,0.4083386978809122,390.40643406099645
ppt_54,face_7,0.0,0.4083386978809122,325.7150539206167
ppt_54,face_24,1.0,0.4083386978809122,245.1813123418637
ppt_54,face_9,0.0,0.4083386978809122,455.55486898575174
ppt_54,face_32,1.0,0.4083386978809122,350.2310639317272
ppt_54,face_1,0.0,0.4083386978809122,320.3461354325068
ppt_54,face_16,1.0,0.4083386978809122,301.70911276770437
ppt_54,face_17,0.0,0.4083386978809122,315.365333660014
ppt_54,face_14,1.0,0.4083386978809122,287.386707679249
ppt_54,face_13,0.0,0.4083386978809122,352.4839604349473
ppt_54,face_3,0.0,0.4083386978809122,324.9727645487672
ppt_54,face_11,0.0,0.4083386978809122,262.43409348462745
ppt_54,face_31,0.0,0.4083386978809122,488.50759018102315
ppt_54,face_33,0.0,0.4083386978809122,230.46537525697707
ppt_54,face_34,1.0,0.4083386978809122,346.65406365276533
ppt_54,face_5,0.0,0.4083386978809122,301.43354759874944
ppt_55,face_32,1.0,-0.3700115562346949,346.57760812024975
ppt_55,face_38,1.0,-0.3700115562346949,332.6680208698378
ppt_55,face_4,1.0,-0.3700115562346949,335.5381186344478
ppt_55,face_31,0.0,-0.3700115562346949,271.3292486938589
ppt_55,face_14,1.0,-0.3700115562346949,331.3905402029818
ppt_55,face_19,0.0,-0.3700115562346949,287.6228839451943
ppt_55,face_13,0.0,-0.3700115562346949,363.38514733429747
ppt_55,face_1,0.0,-0.3700115562346949,357.28686756317234
ppt_55,face_18,1.0,-0.3700115562346949,377.2856533054152
ppt_55,face_29,0.0,-0.3700115562346949,314.0806065064633
ppt_55,face_33,0.0,-0.3700115562346949,419.66025743866294
ppt_55,face_37,0.0,-0.3700115562346949,390.17407360445986
ppt_55,face_25,0.0,-0.3700115562346949,339.04024010825526
ppt_55,face_39,0.0,-0.3700115562346949,251.0638796198322
ppt_55,face_30,1.0,-0.3700115562346949,331.4078197376343
ppt_55,face_35,0.0,-0.3700115562346949,346.26595047617667
ppt_55,face_12,1.0,-0.3700115562346949,394.0288241381895
ppt_55,face_11,0.0,-0.3700115562346949,270.7910789727371
ppt_55,face_6,1.0,-0.3700115562346949,250.45482737547349
ppt_55,face_21,0.0,-0.3700115562346949,299.73076793302903
ppt_55,face_16,1.0,-0.3700115562346949,385.7359065732978
ppt_55,face_9,0.0,-0.3700115562346949,354.70724853064115
ppt_55,face_23,0.0,-0.3700115562346949,286.79055888669063
ppt_55,face_3,0.0,-0.3700115562346949,444.0173919235843
ppt_55,face_7,0.0,-0.3700115562346949,423.7802120311408
ppt_55,face_26,1.0,-0.3700115562346949,427.8965723427593
ppt_55,face_17,0.0,-0.3700115562346949,399.8305058045973
ppt_55,face_10,1.0,-0.3700115562346949,265.7885735540428
ppt_56,face_5,0.0,0.34921865611397696,266.0074826082427
ppt_56,face_6,1.0,0.34921865611397696,267.696927374888
ppt_56,face_19,0.0,0.34921865611397696,309.0218081873955
ppt_56,face_15,0.0,0.34921865611397696,301.08674212832733
ppt_56,face_12,1.0,0.34921865611397696,150.89194133308695
ppt_56,face_37,0.0,0.34921865611397696,371.57374138317374
ppt_56,face_22,1.0,0.34921865611397696,289.4938062084905
ppt_56,face_13,0.0,0.34921865611397696,284.3089663734397
ppt_56,face_7,0.0,0.34921865611397696,289.5468028592175
ppt_56,face_11,0.0,0.34921865611397696,349.87519179883907
ppt_56,face_29,0.0,0.34921865611397696,468.1292202234505
ppt_56,face_16,1.0,0.34921865611397696,241.3084751459829
ppt_56,face_26,1.0,0.34921865611397696,307.543926779058
ppt_56,face_32,1.0,0.34921865611397696,338.26034757681134
ppt_56,face_8,1.0,0.34921865611397696,188.15024511130105
ppt_56,face_39,0.0,0.34921865611397696,235.43715203462938
ppt_56,face_27,0.0,0.34921865611397696,320.5592828743951
ppt_56,face_30,1.0,0.34921865611397696,287.4924960120871
ppt_56,face_1,0.0,0.34921865611397696,190.72081697307206
ppt_56,face_33,0.0,0.34921865611397696,255.94407450619562
ppt_56,face_28,1.0,0.34921865611397696,325.1430303059717
ppt_56,face_31,0.0,0.34921865611397696,337.5366956362135
ppt_56,face_14,1.0,0.34921865611397696,403.76008683500896
ppt_56,face_2,1.0,0.34921865611397696,262.22037522212
ppt_56,face_24,1.0,0.34921865611397696,266.51990871087196
ppt_56,face_40,1.0,0.34921865611397696,240.6395146017024
ppt_56,face_21,0.0,0.34921865611397696,333.1427268429836
ppt_56,face_34,1.0,0.34921865611397696,303.41689714613267
ppt_56,face_36,1.0,0.34921865611397696,263.97677307383697
ppt_56,face_25,0.0,0.34921865611397696,406.53999718888906
ppt_56,face_38,1.0,0.34921865611397696,336.18982455635245
ppt_57,face_28,1.0,0.5538318631715666,482.25000983055224
ppt_57,face_30,1.0,0.5538318631715666,515.2157331204086
ppt_57,face_37,0.0,0.5538318631715666,479.6643205962225
ppt_57,face_7,0.0,0.5538318631715666,390.695126918779
ppt_57,face_31,0.0,0.5538318631715666,479.71096823799945
ppt_57,face_20,1.0,0.5538318631715666,431.5264018824827
ppt_57,face_5,0.0,0.5538318631715666,431.5100437229152
ppt_57,face_26,1.0,0.5538318631715666,399.07719086545734
ppt_57,face_39,0.0,0.5538318631715666,428.1126889224405
ppt_57,face_9,0.0,0.5538318631715666,449.70131557998315
ppt_57,face_24,1.0,0.5538318631715666,438.6622308623392
ppt_57,face_6,1.0,0.5538318631715666,459.8148459560151
ppt_57,face_33,0.0,0.5538318631715666,326.58434996393567
ppt_57,face_2,1.0,0.5538318631715666,449.4963806344851
ppt_57,face_35,0.0,0.5538318631715666,533.4487161476858
ppt_57,face_21,0.0,0.5538318631715666,529.697342130282
ppt_57,face_38,1.0,0.5538318631715666,364.54934131869334
ppt_57,face_14,1.0,0.5538318631715666,515.7612248830192
ppt_57,face_32,1.0,0.5538318631715666,416.73616678952584
ppt_57,face_17,0.0,0.5538318631715666,388.5527845200256
ppt_57,face_29,0.0,0.5538318631715666,512.2818553375281
ppt_57,face_4,1.0,0.5538318631715666,368.85358464985086
ppt_57,face_34,1.0,0.5538318631715666,447.2345134900331
ppt_57,face_16,1.0,0.5538318631715666,430.7979605838396
ppt_57,face_12,1.0,0.5538318631715666,383.13755262945745
ppt_57,face_36,1.0,0.5538318631715666,418.15686135176594
ppt_58,face_26,1.0,-0.21793460192101313,369.1875090105488
ppt_58,face_28,1.0,-0.21793460192101313,323.6675826961337
ppt_58,face_33,0.0,-0.21793460192101313,467.9737885157948
ppt_58,face_12,1.0,-0.21793460192101313,382.88832346221375
ppt_58,face_13,0.0,-0.21793460192101313,422.80125133060676
ppt_58,face_20,1.0,-0.21793460192101313,411.28321117749084
ppt_58,face_37,0.0,-0.21793460192101313,364.6582360675505
ppt_58,face_19,0.0,-0.21793460192101313,365.878419408917
ppt_58,face_36,1.0,-0.21793460192101313,364.8483511347118
ppt_58,face_35,0.0,-0.21793460192101313,233.60903963085835
ppt_58,face_9,0.0,-0.21793460192101313,405.03158233405316
ppt_58,face_31,0.0,-0.21793460192101313,319.86904002133394
ppt_58,face_34,1.0,-0.21793460192101313,350.69579420770447
ppt_58,face_1,0.0,-0.21793460192101313,414.4527042417083
ppt_58,face_22,1.0,-0.21793460192101313,319.56262954248257
ppt_58,face_15,0.0,-0.21793460192101313,315.9702320741206
ppt_58,face_11,0.0,-0.21793460192101313,364.59894501007136
ppt_58,face_6,1.0,-0.21793460192101313,406.7834752681213
ppt_58,face_21,0.0,-0.21793460192101313,410.2671992768943
ppt_58,face_7,0.0,-0.21793460192101313,379.77727602905355
ppt_58,face_25,0.0,-0.21793460192101313,336.65944490880673
ppt_58,face_29,0.0,-0.21793460192101313,385.6023376946825
ppt_58,face_40,1.0,-0.21793460192101313,358.3742745395185
ppt_58,face_10,1.0,-0.21793460192101313,378.80871680720094
ppt_58,face_2,1.0,-0.21793460192101313,310.23043050312066
ppt_58,face_18,1.0,-0.21793460192101313,303.8037088874155
ppt_58,face_30,1.0,-0.21793460192101313,348.1793048960142
ppt_58,face_14,1.0,-0.21793460192101313,326.13061529436396
ppt_59,face_15,0.0,-0.7597535659320529,219.9088003905272
ppt_59,face_31,0.0,-0.7597535659320529,281.65025677123026
ppt_59,face_12,1.0,-0.7597535659320529,177.34034024901584
ppt_59,face_27,0.0,-0.7597535659320529,243.06492155431508
ppt_59,face_5,0.0,-0.7597535659320529,285.59955150223163
ppt_59,face_32,1.0,-0.7597535659320529,196.33805714247046
ppt_59,face_33,0.0,-0.7597535659320529,332.14624753223165
ppt_59,face_19,0.0,-0.7597535659320529,166.30588335454198
ppt_59,face_25,0.0,-0.7597535659320529,267.80956378819553
ppt_59,face_37,0.0,-0.7597535659320529,234.51980728639734
ppt_59,face_7,0.0,-0.7597535659320529,170.68285035762182
ppt_59,face_34,1.0,-0.7597535659320529,215.27728864717596
ppt_59,face_10,1.0,-0.7597535659320529,177.28335211222026
ppt_59,face_38,1.0,-0.7597535659320529,180.75172966328205
ppt_59,face_4,1.0,-0.7597535659320529,244.40980248058062
ppt_59,face_18,1.0,-0.7597535659320529,189.7941946246069
ppt_59,face_20,1.0,-0.7597535659320529,192.06704994415347
ppt_59,face_35,0.0,-0.7597535659320529,219.88249760037877
ppt_59,face_14,1.0,-0.7597535659320529,216.42981553285543
ppt_59,face_2,1.0,-0.7597535659320529,337.38668333576976
ppt_59,face_30,1.0,-0.7597535659320529,232.61276785001073
ppt_59,face_36,1.0,-0.7597535659320529,247.67602071283514
ppt_59,face_40,1.0,-0.7597535659320529,298.45553923349974
ppt_59,face_9,0.0,-0.7597535659320529,285.9810510455696
ppt_59,face_16,1.0,-0.7597535659320529,275.6655916102162
ppt_59,face_24,1.0,-0.7597535659320529,219.91814942829402
ppt_59,face_3,0.0,-0.7597535659320529,217.52253254321545
ppt_59,face_29,0.0,-0.7597535659320529,224.07997317202953
ppt_59,face_26,1.0,-0.7597535659320529,257.9037199928997
ppt_59,face_17,0.0,-0.7597535659320529,256.4005022720262
ppt_6,face_31,0.0,-0.6759251374876403,233.97921731215916
ppt_6,face_5,0.0,-0.6759251374876403,292.01469508428863
ppt_6,face_19,0.0,-0.6759251374876403,219.76308777424015
ppt_6,face_6,1.0,-0.6759251374876403,241.30536757433472
ppt_6,face_13,0.0,-0.6759251374876403,382.0482473381899
ppt_6,face_9,0.0,-0.6759251374876403,314.50186722582237
ppt_6,face_4,1.0,-0.6759251374876403,226.66457870209607
ppt_6,face_1,0.0,-0.6759251374876403,465.6647327199088
ppt_6,face_2,1.0,-0.6759251374876403,321.4680413001104
ppt_6,face_28,1.0,-0.6759251374876403,180.12933269938324
ppt_6,face_8,1.0,-0.6759251374876403,349.83458081019245
ppt_6,face_7,0.0,-0.6759251374876403,241.7746444084641
ppt_6,face_29,0.0,-0.6759251374876403,313.71540166743534
ppt_6,face_33,0.0,-0.6759251374876403,450.4851613200189
ppt_6,face_27,0.0,-0.6759251374876403,360.60050193915407
ppt_6,face_40,1.0,-0.6759251374876403,288.8501447282888
ppt_6,face_11,0.0,-0.6759251374876403,249.23622268767224
ppt_6,face_30,1.0,-0.6759251374876403,285.6594968269854
ppt_6,face_37,0.0,-0.6759251374876403,282.95519660579265
ppt_6,face_35,0.0,-0.6759251374876403,268.7486321752377
ppt_6,face_21,0.0,-0.6759251374876403,296.7431154148568
ppt_6,face_3,0.0,-0.6759251374876403,334.0893854346487
ppt_6,face_15,0.0,-0.6759251374876403,362.20972420216975
ppt_6,face_24,1.0,-0.6759251374876403,235.87146995094153
ppt_6,face_14,1.0,-0.6759251374876403,303.9771369652094
ppt_6,face_26,1.0,-0.6759251374876403,361.65538974388994
ppt_6,face_18,1.0,-0.6759251374876403,227.2804028729904
ppt_6,face_23,0.0,-0.6759251374876403,248.4984079321647
ppt_6,face_17,0.0,-0.6759251374876403,256.5565000161063
ppt_6,face_32,1.0,-0.6759251374876403,258.3072437672042
ppt_6,face_39,0.0,-0.6759251374876403,335.32757627141586
ppt_6,face_38,1.0,-0.6759251374876403,237.68583702625438
ppt_60,face_22,1.0,1.3463553951612757,533.680864392903
ppt_60,face_7,0.0,1.3463553951612757,378.76513478401364
ppt_60,face_4,1.0,1.3463553951612757,415.51143395656027
ppt_60,face_1,0.0,1.3463553951612757,263.7382263774546
ppt_60,face_18,1.0,1.3463553951612757,524.0209110549508
ppt_60,face_3,0.0,1.3463553951612757,418.7882432561709
ppt_60,face_32,1.0,1.3463553951612757,342.2781005789821
ppt_60,face_13,0.0,1.3463553951612757,422.2092108106649
ppt_60,face_36,1.0,1.3463553951612757,536.8209253154405
ppt_60,face_21,0.0,1.3463553951612757,535.2262060332438
ppt_60,face_38,1.0,1.3463553951612757,502.57866839215137
ppt_60,face_14,1.0,1.3463553951612757,460.2470805678999
ppt_60,face_24,1.0,1.3463553951612757,527.3940668578713
ppt_60,face_20,1.0,1.3463553951612757,457.4207206297041
ppt_60,face_40,1.0,1.3463553951612757,391.5249946038009
ppt_60,face_15,0.0,1.3463553951612757,466.7885386487885
ppt_60,face_2,1.0,1.3463553951612757,474.5929266703854
ppt_60,face_8,1.0,1.3463553951612757,271.3835911358699
ppt_60,face_31,0.0,1.3463553951612757,411.9279831426903
ppt_60,face_12,1.0,1.3463553951612757,293.48816708904764
ppt_60,face_23,0.0,1.3463553951612757,561.6162917166149
ppt_60,face_27,0.0,1.3463553951612757,318.48496285906805
ppt_60,face_37,0.0,1.3463553951612757,534.3274422032498
ppt_60,face_6,1.0,1.3463553951612757,563.9778567124831
ppt_60,face_26,1.0,1.3463553951612757,248.87996181880814
ppt_60,face_19,0.0,1.3463553951612757,360.7712325344123
ppt_60,face_33,0.0,1.3463553951612757,218.71285342795264
ppt_60,face_39,0.0,1.3463553951612757,307.869629199433
ppt_60,face_30,1.0,1.3463553951612757,440.9672626858144
ppt_7,face_30,1.0,-1.100674894575448,260.88534180883016
ppt_7,face_28,1.0,-1.100674894575448,167.0966809903496
ppt_7,face_27,0.0,-1.100674894575448,321.4820796327009
ppt_7,face_16,1.0,-1.100674894575448,414.310484640868
ppt_7,face_36,1.0,-1.100674894575448,267.1375343115454
ppt_7,face_4,1.0,-1.100674894575448,308.0142535627673
ppt_7,face_35,0.0,-1.100674894575448,178.9457600125051
ppt_7,face_38,1.0,-1.100674894575448,268.6161907817015
ppt_7,face_33,0.0,-1.100674894575448,429.60600354944086
ppt_7,face_23,0.0,-1.100674894575448,221.12684462588933
ppt_7,face_2,1.0,-1.100674894575448,261.7210101434518
ppt_7,face_18,1.0,-1.100674894575448,125.42814796938937
ppt_7,face_31,0.0,-1.100674894575448,197.59315938599022
ppt_7,face_22,1.0,-1.100674894575448,219.02560131843475
ppt_7,face_25,0.0,-1.100674894575448,202.04954757964092
ppt_7,face_17,0.0,-1.100674894575448,123.56811763019925
ppt_7,face_7,0.0,-1.100674894575448,320.8791449082798
ppt_7,face_3,0.0,-1.100674894575448,321.98319281220904
ppt_7,face_13,0.0,-1.100674894575448,334.21852733845935
ppt_7,face_40,1.0,-1.100674894575448,256.0229231430842
ppt_7,face_32,1.0,-1.100674894575448,279.55717449984485
ppt_7,face_5,0.0,-1.100674894575448,343.23672914749875
ppt_7,face_29,0.0,-1.100674894575448,284.6291030700253
ppt_7,face_10,1.0,-1.100674894575448,246.23900667572346
ppt_7,face_39,0.0,-1.100674894575448,345.42807572864405
ppt_7,face_37,0.0,-1.100674894575448,287.65633593104747
ppt_7,face_19,0.0,-1.100674894575448,219.0466119861667
ppt_7,face_6,1.0,-1.100674894575448,210.23455198202083
ppt_8,face_16,1.0,-0.6558382584473819,394.9035418056803
ppt_8,face_1,0.0,-0.6558382584473819,399.0543789539697
ppt_8,face_3,0.0,-0.6558382584473819,380.43572037245576
ppt_8,face_13,0.0,-0.6558382584473819,349.82464888589993
ppt_8,face_27,0.0,-0.6558382584473819,355.51819510685783
ppt_8,face_31,0.0,-0.6558382584473819,349.9081617299629
ppt_8,face_7,0.0,-0.6558382584473819,326.956222346275
ppt_8,face_32,1.0,-0.6558382584473819,371.0202167682412
ppt_8,face_26,1.0,-0.6558382584473819,339.78828040210954
ppt_8,face_34,1.0,-0.6558382584473819,410.9963860359077
ppt_8,face_10,1.0,-0.6558382584473819,335.8028099318023
ppt_8,face_15,0.0,-0.6558382584473819,373.273932354068
ppt_8,face_5,0.0,-0.6558382584473819,312.5674045349864
ppt_8,face_22,1.0,-0.6558382584473819,354.5922313477079
ppt_8,face_37,0.0,-0.6558382584473819,359.6813728098923
ppt_8,face_19,0.0,-0.6558382584473819,287.4253897163072
ppt_8,face_30,1.0,-0.6558382584473819,299.02787154759295
ppt_8,face_4,1.0,-0.6558382584473819,343.08651306838794
ppt_8,face_20,1.0,-0.6558382584473819,492.8327257589031
ppt_8,face_2,1.0,-0.6558382584473819,510.82017134892374
ppt_8,face_8,1.0,-0.6558382584473819,411.99692123871426
ppt_8,face_12,1.0,-0.6558382584473819,427.9833991263603
ppt_8,face_33,0.0,-0.6558382584473819,440.7531294838051
ppt_8,face_40,1.0,-0.6558382584473819,392.6448691176896
ppt_8,face_23,0.0,-0.6558382584473819,251.06367265580633
ppt_8,face_38,1.0,-0.6558382584473819,324.6727645441232
ppt_8,face_36,1.0,-0.6558382584473819,341.3212295739018
ppt_8,face_18,1.0,-0.6558382584473819,330.19302237939155
ppt_8,face_6,1.0,-0.6558382584473819,296.36559280430595
ppt_8,face_24,1.0,-0.6558382584473819,246.890333145839
ppt_8,face_17,0.0,-0.6558382584473819,313.9340649845756
ppt_8,face_21,0.0,-0.6558382584473819,247.88087683177113
ppt_9,face_26,1.0,0.770113008710417,205.99113434968788
ppt_9,face_19,0.0,0.770113008710417,279.91233508432424
ppt_9,face_10,1.0,0.770113008710417,364.5279660192482
ppt_9,face_27,0.0,0.770113008710417,351.18780007950585
ppt_9,face_35,0.0,0.770113008710417,499.0742349031437
ppt_9,face_17,0.0,0.770113008710417,325.8727767842735
ppt_9,face_29,0.0,0.770113008710417,344.3840410601742
ppt_9,face_15,0.0,0.770113008710417,313.0174231663887
ppt_9,face_4,1.0,0.770113008710417,261.72457341653467
ppt_9,face_16,1.0,0.770113008710417,278.87135338967266
ppt_9,face_9,0.0,0.770113008710417,292.80141573359595
ppt_9,face_7,0.0,0.770113008710417,423.8832365178574
ppt_9,face_40,1.0,0.770113008710417,260.36474903044643
ppt_9,face_8,1.0,0.770113008710417,205.7978959703207
ppt_9,face_23,0.0,0.770113008710417,422.9826614250252
ppt_9,face_32,1.0,0.770113008710417,288.502914937009
ppt_9,face_6,1.0,0.770113008710417,358.6795115134595
ppt_9,face_12,1.0,0.770113008710417,269.95858533641893
ppt_9,face_3,0.0,0.770113008710417,379.527955321538
ppt_9,face_18,1.0,0.770113008710417,337.6109544688663
ppt_9,face_37,0.0,0.770113008710417,315.70269958187043
ppt_9,face_1,0.0,0.770113008710417,237.26031611430557
ppt_9,face_31,0.0,0.770113008710417,291.315093012125
ppt_9,face_25,0.0,0.770113008710417,381.16498635472544
ppt_9,face_28,1.0,0.770113008710417,320.92321435013145
ppt_9,face_14,1.0,0.770113008710417,301.6670892478908
ppt_9,face_21,0.0,0.770113008710417,399.2221305706494
ppt_9,face_22,1.0,0.770113008710417,382.38812621892515
