timestamp,stress_level,heart_rate
2021-04-23 13:21:00,32,78.0
2021-04-23 13:22:00,30,80.0
2021-04-23 13:23:00,31,84.0
2021-04-23 13:24:00,-2,98.0
2021-04-23 13:25:00,-2,92.0
2021-04-23 13:26:00,-2,101.0
2021-04-23 13:27:00,-2,94.0
2021-04-23 13:29:00,28,83.0
2021-04-23 13:31:00,-2,82.0
2021-04-23 13:32:00,-2,83.0
2021-04-23 13:33:00,-2,94.0
2021-04-23 13:34:00,-2,100.0
2021-04-23 13:35:00,72,101.0
2021-04-23 13:36:00,32,92.0
2021-04-23 13:37:00,39,76.0
2021-04-23 13:38:00,31,80.0
2021-04-23 13:39:00,32,
2021-04-23 13:40:00,38,82.0
2021-04-23 13:41:00,33,79.0
2021-04-23 13:42:00,38,81.0
2021-04-23 13:43:00,40,82.0
2021-04-23 13:44:00,31,78.0
2021-04-23 13:45:00,30,79.0
2021-04-23 13:46:00,31,78.0
2021-04-23 13:47:00,28,77.0
2021-04-23 13:48:00,33,79.0
2021-04-23 13:49:00,32,
2021-04-23 13:50:00,30,77.0
2021-04-23 13:51:00,-1,78.0
2021-04-23 13:52:00,36,79.0
2021-04-23 13:53:00,30,75.0
2021-04-23 13:54:00,-1,
2021-04-23 13:55:00,25,76.0
2021-04-23 13:56:00,33,80.0
2021-04-23 13:57:00,32,
2021-04-23 13:58:00,30,77.0
2021-04-23 13:59:00,28,78.0
2021-04-23 14:00:00,33,
2021-04-23 14:01:00,30,
2021-04-23 14:02:00,36,
2021-04-23 14:03:00,-1,
2021-04-23 14:04:00,30,81.0
2021-04-23 14:05:00,-1,77.0
2021-04-23 14:06:00,30,78.0
2021-04-23 14:07:00,30,80.0
2021-04-23 14:08:00,30,81.0
2021-04-23 14:09:00,32,
2021-04-23 14:10:00,31,87.0
2021-04-23 14:11:00,27,82.0
2021-04-23 14:12:00,35,79.0
2021-04-23 14:13:00,33,81.0
2021-04-23 14:14:00,33,79.0
2021-04-23 14:15:00,33,84.0
2021-04-23 14:16:00,30,85.0
2021-04-23 14:17:00,48,87.0
2021-04-23 14:18:00,-2,116.0
2021-04-23 14:19:00,-2,117.0
2021-04-23 14:20:00,-2,111.0
2021-04-23 14:21:00,-2,110.0
2021-04-23 14:22:00,-2,112.0
2021-04-23 14:23:00,-2,134.0
2021-04-23 14:24:00,-2,115.0
2021-04-23 14:25:00,-2,105.0
2021-04-23 14:26:00,-1,98.0
2021-04-23 14:27:00,51,90.0
2021-04-23 14:28:00,54,88.0
2021-04-23 14:29:00,60,89.0
2021-04-23 14:30:00,66,91.0
2021-04-23 14:31:00,60,87.0
2021-04-23 14:32:00,63,
2021-04-23 14:33:00,60,90.0
2021-04-23 14:34:00,53,89.0
2021-04-23 14:35:00,46,
2021-04-23 14:36:00,30,96.0
2021-04-23 14:37:00,68,89.0
2021-04-23 14:38:00,51,98.0
2021-04-23 14:39:00,53,90.0
2021-04-23 14:40:00,36,82.0
2021-04-23 14:41:00,31,86.0
2021-04-23 14:42:00,37,88.0
2021-04-23 14:43:00,58,84.0
2021-04-23 14:44:00,25,89.0
2021-04-23 14:45:00,33,85.0
2021-04-23 14:46:00,36,86.0
2021-04-23 14:47:00,59,109.0
2021-04-23 14:48:00,58,90.0
2021-04-23 14:49:00,28,81.0
2021-04-23 14:50:00,17,86.0
2021-04-23 14:51:00,37,91.0
2021-04-23 14:52:00,-2,90.0
2021-04-23 14:53:00,-2,100.0
2021-04-23 14:54:00,-2,95.0
2021-04-23 14:55:00,-1,85.0
2021-04-23 14:56:00,-2,92.0
2021-04-23 14:57:00,37,85.0
2021-04-23 14:58:00,32,84.0
2021-04-23 14:59:00,45,87.0
2021-04-23 15:00:00,33,85.0
2021-04-23 15:01:00,29,89.0
2021-04-23 15:02:00,21,86.0
2021-04-23 15:03:00,23,83.0
2021-04-23 15:04:00,18,77.0
2021-04-23 15:05:00,6,70.0
2021-04-23 15:07:00,10,68.0
2021-04-23 15:08:00,17,82.0
2021-04-23 15:09:00,14,74.0
2021-04-23 15:10:00,21,82.0
2021-04-23 15:11:00,18,73.0
2021-04-23 15:12:00,8,76.0
2021-04-23 15:13:00,26,87.0
2021-04-23 15:14:00,34,92.0
2021-04-23 15:15:00,52,88.0
2021-04-23 15:16:00,42,90.0
2021-04-23 15:17:00,32,95.0
2021-04-23 15:18:00,41,96.0
2021-04-23 15:19:00,38,84.0
2021-04-23 15:20:00,33,
2021-04-23 15:21:00,29,85.0
2021-04-23 15:22:00,27,81.0
2021-04-23 15:24:00,9,77.0
2021-04-23 15:25:00,10,73.0
2021-04-23 15:26:00,2,69.0
2021-04-23 15:27:00,3,64.0
2021-04-23 15:28:00,13,73.0
2021-04-23 15:29:00,4,69.0
2021-04-23 15:30:00,23,76.0
2021-04-23 15:31:00,20,81.0
2021-04-23 15:32:00,14,80.0
2021-04-23 15:33:00,5,74.0
2021-04-23 15:34:00,8,
2021-04-23 15:35:00,14,
2021-04-23 15:36:00,-2,84.0
2021-04-23 15:37:00,-2,109.0
2021-04-23 15:38:00,-1,90.0
2021-04-23 15:39:00,19,82.0
2021-04-23 15:40:00,20,76.0
2021-04-23 15:41:00,14,
2021-04-23 15:42:00,6,71.0
2021-04-23 15:43:00,5,68.0
2021-04-23 15:44:00,17,74.0
2021-04-23 15:45:00,29,77.0
2021-04-23 15:46:00,-2,90.0
2021-04-23 15:47:00,47,94.0
2021-04-23 15:48:00,63,100.0
2021-04-23 15:49:00,57,98.0
2021-04-23 15:50:00,42,100.0
2021-04-23 15:51:00,37,92.0
2021-04-23 15:52:00,38,89.0
2021-04-23 15:53:00,54,
2021-04-23 15:54:00,67,95.0
2021-04-23 15:55:00,54,93.0
2021-04-23 15:56:00,57,101.0
2021-04-23 15:57:00,63,102.0
2021-04-23 15:58:00,42,96.0
2021-04-23 15:59:00,67,102.0
2021-04-23 16:00:00,77,105.0
2021-04-23 16:01:00,76,112.0
2021-04-23 16:02:00,30,96.0
2021-04-23 16:03:00,23,90.0
2021-04-23 16:04:00,20,78.0
2021-04-23 16:05:00,30,81.0
2021-04-23 16:06:00,20,82.0
2021-04-23 16:07:00,43,86.0
2021-04-23 16:08:00,38,85.0
2021-04-23 16:09:00,-2,78.0
2021-04-23 16:10:00,-2,96.0
2021-04-23 16:11:00,-2,95.0
2021-04-23 16:12:00,-1,90.0
2021-04-23 16:13:00,39,83.0
2021-04-23 16:14:00,44,86.0
2021-04-23 16:15:00,38,83.0
2021-04-23 16:16:00,39,88.0
2021-04-23 16:17:00,35,86.0
2021-04-23 16:18:00,42,87.0
2021-04-23 16:19:00,44,89.0
2021-04-23 16:20:00,34,87.0
2021-04-23 16:21:00,39,83.0
2021-04-23 16:22:00,38,82.0
2021-04-23 16:23:00,38,80.0
2021-04-23 16:24:00,32,
2021-04-23 16:25:00,-1,
2021-04-23 16:26:00,29,
2021-04-23 16:27:00,29,79.0
2021-04-23 16:28:00,33,80.0
2021-04-23 16:29:00,28,82.0
2021-04-23 16:30:00,33,80.0
2021-04-23 16:31:00,34,83.0
2021-04-23 16:32:00,30,85.0
2021-04-23 16:33:00,32,83.0
2021-04-23 16:34:00,40,84.0
2021-04-23 16:35:00,29,80.0
2021-04-23 16:36:00,28,85.0
2021-04-23 16:37:00,33,84.0
2021-04-23 16:38:00,33,82.0
2021-04-23 16:39:00,28,78.0
2021-04-23 16:40:00,20,80.0
2021-04-23 16:41:00,15,81.0
2021-04-23 16:42:00,29,82.0
2021-04-23 16:43:00,27,83.0
2021-04-23 16:44:00,45,86.0
2021-04-23 16:45:00,-2,98.0
2021-04-23 16:46:00,-2,105.0
2021-04-23 16:47:00,65,104.0
2021-04-23 16:48:00,-2,95.0
2021-04-23 16:49:00,48,94.0
2021-04-23 16:50:00,15,81.0
2021-04-23 16:51:00,12,73.0
2021-04-23 16:52:00,-2,75.0
2021-04-23 16:53:00,-2,82.0
2021-04-23 16:54:00,-2,89.0
2021-04-23 16:55:00,-2,96.0
2021-04-23 16:56:00,-2,99.0
2021-04-23 16:57:00,-2,100.0
2021-04-23 16:58:00,-2,105.0
2021-04-23 16:59:00,-2,128.0
2021-04-23 17:00:00,-2,101.0
2021-04-23 17:01:00,-2,87.0
2021-04-23 17:02:00,-2,
2021-04-23 17:03:00,-2,88.0
2021-04-23 17:04:00,-2,86.0
2021-04-23 17:05:00,-2,88.0
2021-04-23 17:06:00,24,82.0
2021-04-23 17:07:00,-2,81.0
2021-04-23 17:08:00,-2,85.0
2021-04-23 17:09:00,-2,82.0
2021-04-23 17:10:00,-2,89.0
2021-04-23 17:11:00,-2,101.0
2021-04-23 17:12:00,37,93.0
2021-04-23 17:13:00,14,81.0
2021-04-23 17:14:00,19,77.0
2021-04-23 17:15:00,35,84.0
2021-04-23 17:16:00,-2,95.0
2021-04-23 17:17:00,-2,92.0
2021-04-23 17:18:00,-2,85.0
2021-04-23 17:19:00,-2,100.0
2021-04-23 17:20:00,65,104.0
2021-04-23 17:21:00,30,90.0
2021-04-23 17:22:00,-2,78.0
2021-04-23 17:23:00,34,88.0
2021-04-23 17:24:00,51,86.0
2021-04-23 17:25:00,30,87.0
2021-04-23 17:26:00,-2,84.0
2021-04-23 17:27:00,24,83.0
2021-04-23 17:28:00,27,80.0
2021-04-23 17:29:00,-2,
2021-04-23 17:30:00,-2,
2021-04-23 17:31:00,27,
2021-04-23 17:32:00,-2,83.0
2021-04-23 17:33:00,-2,84.0
2021-04-23 17:34:00,27,79.0
2021-04-23 17:35:00,-2,77.0
2021-04-23 17:36:00,-2,106.0
2021-04-23 17:37:00,-2,97.0
2021-04-23 17:38:00,-1,82.0
2021-04-23 17:39:00,18,73.0
2021-04-23 17:40:00,-2,70.0
2021-04-23 17:41:00,-2,80.0
2021-04-23 17:42:00,-2,90.0
2021-04-23 17:43:00,-2,84.0
2021-04-23 17:44:00,-2,73.0
2021-04-23 17:45:00,36,85.0
2021-04-23 17:46:00,9,78.0
2021-04-23 17:47:00,21,79.0
2021-04-23 17:48:00,9,76.0
2021-04-23 17:49:00,27,77.0
2021-04-23 17:50:00,27,
2021-04-23 17:51:00,35,79.0
2021-04-23 17:52:00,35,
2021-04-23 17:53:00,42,82.0
2021-04-23 17:54:00,34,84.0
2021-04-23 17:55:00,29,83.0
2021-04-23 17:56:00,52,85.0
2021-04-23 17:57:00,33,105.0
2021-04-23 17:58:00,36,85.0
2021-04-23 17:59:00,31,79.0
2021-04-23 18:00:00,40,82.0
2021-04-23 18:01:00,39,83.0
2021-04-23 18:02:00,40,82.0
2021-04-23 18:03:00,36,
2021-04-23 18:04:00,33,79.0
2021-04-23 18:05:00,-2,83.0
2021-04-23 18:06:00,-2,111.0
2021-04-23 18:07:00,-2,104.0
2021-04-23 18:08:00,-2,100.0
2021-04-23 18:09:00,-2,101.0
2021-04-23 18:10:00,-2,94.0
2021-04-23 18:11:00,-2,87.0
2021-04-23 18:12:00,-2,77.0
2021-04-23 18:13:00,29,78.0
2021-04-23 18:14:00,27,83.0
2021-04-23 18:15:00,-2,95.0
2021-04-23 18:16:00,51,105.0
2021-04-23 18:17:00,-2,90.0
2021-04-23 18:18:00,53,97.0
2021-04-23 18:19:00,36,92.0
2021-04-23 18:20:00,28,84.0
2021-04-23 18:21:00,12,75.0
2021-04-23 18:22:00,21,78.0
2021-04-23 18:23:00,23,77.0
2021-04-23 18:24:00,34,78.0
2021-04-23 18:25:00,25,82.0
2021-04-23 18:26:00,27,85.0
2021-04-23 18:27:00,35,77.0
2021-04-23 18:28:00,23,76.0
2021-04-23 18:29:00,14,75.0
2021-04-23 18:30:00,-2,77.0
2021-04-23 18:31:00,-2,102.0
2021-04-23 18:32:00,-2,86.0
2021-04-23 18:33:00,-1,79.0
2021-04-23 18:34:00,8,69.0
2021-04-23 18:35:00,10,63.0
2021-04-23 18:36:00,4,
2021-04-23 18:37:00,15,65.0
2021-04-23 18:38:00,-2,72.0
2021-04-23 18:39:00,-2,94.0
2021-04-23 18:40:00,22,92.0
2021-04-23 18:41:00,15,74.0
2021-04-23 18:42:00,11,73.0
2021-04-23 18:43:00,27,76.0
2021-04-23 18:44:00,18,78.0
2021-04-23 18:45:00,21,72.0
2021-04-23 18:46:00,27,78.0
2021-04-23 18:47:00,36,85.0
2021-04-23 18:48:00,36,88.0
2021-04-23 18:49:00,-2,89.0
2021-04-23 18:50:00,-2,112.0
2021-04-23 18:51:00,-2,
2021-04-23 18:52:00,-2,103.0
2021-04-23 18:53:00,-2,101.0
2021-04-23 18:54:00,-1,
2021-04-23 18:55:00,-1,82.0
2021-04-23 18:56:00,19,74.0
2021-04-23 18:57:00,17,73.0
2021-04-23 18:58:00,-2,77.0
2021-04-23 18:59:00,-2,101.0
2021-04-23 19:00:00,52,107.0
2021-04-23 19:01:00,-2,94.0
2021-04-23 19:02:00,-2,88.0
2021-04-23 19:03:00,44,98.0
2021-04-23 19:04:00,41,96.0
2021-04-23 19:05:00,-2,89.0
2021-04-23 19:06:00,-2,109.0
2021-04-23 19:07:00,-2,114.0
2021-04-23 19:08:00,-2,116.0
2021-04-23 19:09:00,-2,113.0
2021-04-23 19:10:00,-2,109.0
2021-04-23 19:11:00,-2,96.0
2021-04-23 19:12:00,-2,99.0
2021-04-23 19:13:00,-2,103.0
2021-04-23 19:14:00,-2,107.0
2021-04-23 19:15:00,-2,104.0
2021-04-23 19:16:00,-2,103.0
2021-04-23 19:17:00,-2,115.0
2021-04-23 19:18:00,-2,129.0
2021-04-23 19:19:00,-2,125.0
2021-04-23 19:20:00,-2,
2021-04-23 19:21:00,-2,
2021-04-23 19:22:00,-2,121.0
2021-04-23 19:23:00,-2,106.0
2021-04-23 19:24:00,-2,103.0
2021-04-23 19:25:00,-2,104.0
2021-04-23 19:26:00,-2,117.0
2021-04-23 19:27:00,-2,123.0
2021-04-23 19:28:00,-2,106.0
2021-04-23 19:29:00,-2,97.0
2021-04-23 19:30:00,-2,94.0
2021-04-23 19:31:00,-2,110.0
2021-04-23 19:32:00,-2,105.0
2021-04-23 19:33:00,-2,100.0
2021-04-23 19:34:00,-2,97.0
2021-04-23 19:35:00,45,96.0
2021-04-23 19:36:00,45,91.0
2021-04-23 19:37:00,60,90.0
2021-04-23 19:38:00,65,91.0
2021-04-23 19:39:00,-2,89.0
2021-04-23 19:40:00,87,116.0
2021-04-23 19:41:00,-2,118.0
2021-04-23 19:42:00,-2,102.0
2021-04-23 19:43:00,-2,98.0
2021-04-23 19:44:00,-2,
2021-04-23 19:45:00,-2,90.0
2021-04-23 19:46:00,-2,
2021-04-23 19:47:00,-2,95.0
2021-04-23 19:48:00,-2,94.0
2021-04-23 19:49:00,-2,91.0
2021-04-23 19:50:00,-2,88.0
2021-04-23 19:51:00,-2,
2021-04-23 19:52:00,-2,90.0
2021-04-23 19:53:00,-2,94.0
2021-04-23 19:54:00,-2,116.0
2021-04-23 19:55:00,-2,114.0
2021-04-23 19:56:00,88,
2021-04-23 19:57:00,74,108.0
2021-04-23 19:58:00,-2,100.0
2021-04-23 19:59:00,-2,101.0
2021-04-23 20:00:00,24,91.0
2021-04-23 20:01:00,19,76.0
2021-04-23 20:02:00,23,78.0
2021-04-23 20:03:00,28,
2021-04-23 20:04:00,28,76.0
2021-04-23 20:05:00,29,
2021-04-23 20:06:00,29,83.0
2021-04-23 20:07:00,38,77.0
2021-04-23 20:08:00,33,80.0
2021-04-23 20:09:00,33,78.0
2021-04-23 20:10:00,30,79.0
2021-04-23 20:11:00,30,74.0
2021-04-23 20:12:00,26,77.0
2021-04-23 20:13:00,33,78.0
2021-04-23 20:14:00,55,83.0
2021-04-23 20:15:00,26,97.0
2021-04-23 20:16:00,11,74.0
2021-04-23 20:17:00,13,67.0
2021-04-23 20:18:00,9,65.0
2021-04-23 20:19:00,-1,72.0
2021-04-23 20:20:00,13,80.0
2021-04-23 20:21:00,24,81.0
2021-04-23 20:22:00,-1,76.0
2021-04-23 20:23:00,27,73.0
2021-04-23 20:24:00,39,77.0
2021-04-23 20:25:00,26,78.0
2021-04-23 20:26:00,-1,76.0
2021-04-23 20:27:00,29,78.0
2021-04-23 20:28:00,26,75.0
2021-04-23 20:29:00,20,76.0
2021-04-23 20:30:00,21,
2021-04-23 20:31:00,-1,75.0
2021-04-23 20:32:00,33,78.0
2021-04-23 20:33:00,32,84.0
2021-04-23 20:34:00,28,81.0
2021-04-23 20:35:00,19,78.0
2021-04-23 20:36:00,12,74.0
2021-04-23 20:37:00,13,72.0
2021-04-23 20:38:00,15,76.0
2021-04-23 20:39:00,19,74.0
2021-04-23 20:40:00,29,77.0
2021-04-23 20:41:00,32,
2021-04-23 20:42:00,27,
2021-04-23 20:43:00,27,
2021-04-23 20:44:00,29,
2021-04-23 20:45:00,35,76.0
2021-04-23 20:46:00,31,80.0
2021-04-23 20:47:00,26,78.0
2021-04-23 20:48:00,-1,75.0
2021-04-23 20:49:00,30,78.0
2021-04-23 20:50:00,33,79.0
2021-04-23 20:51:00,40,80.0
2021-04-23 20:52:00,30,81.0
2021-04-23 20:53:00,29,78.0
2021-04-23 20:54:00,36,83.0
2021-04-23 20:55:00,39,81.0
2021-04-23 20:56:00,45,85.0
2021-04-23 20:57:00,30,87.0
2021-04-23 20:58:00,29,81.0
2021-04-23 20:59:00,27,82.0
2021-04-23 21:00:00,33,
2021-04-23 21:01:00,37,80.0
2021-04-23 21:02:00,42,82.0
2021-04-23 21:03:00,33,81.0
2021-04-23 21:04:00,30,79.0
2021-04-23 21:05:00,33,78.0
2021-04-23 21:06:00,27,81.0
2021-04-23 21:07:00,30,92.0
2021-04-23 21:08:00,31,
2021-04-23 21:09:00,27,82.0
2021-04-23 21:10:00,27,89.0
2021-04-23 21:11:00,36,83.0
2021-04-23 21:12:00,-2,91.0
2021-04-23 21:13:00,60,114.0
2021-04-23 21:14:00,24,76.0
2021-04-23 21:15:00,21,73.0
2021-04-23 21:16:00,19,75.0
2021-04-23 21:17:00,13,72.0
2021-04-23 21:18:00,19,70.0
2021-04-23 21:19:00,22,74.0
2021-04-23 21:20:00,21,72.0
2021-04-23 21:21:00,30,74.0
2021-04-23 21:22:00,28,87.0
2021-04-23 21:23:00,28,82.0
2021-04-23 21:24:00,20,80.0
2021-04-23 21:25:00,27,82.0
2021-04-23 21:26:00,24,81.0
2021-04-23 21:27:00,22,79.0
2021-04-23 21:28:00,27,78.0
2021-04-23 21:29:00,24,86.0
2021-04-23 21:30:00,-1,79.0
2021-04-23 21:31:00,27,75.0
2021-04-23 21:32:00,-1,77.0
2021-04-23 21:33:00,23,79.0
2021-04-23 21:34:00,39,91.0
2021-04-23 21:35:00,33,95.0
2021-04-23 21:36:00,27,88.0
2021-04-23 21:37:00,27,85.0
2021-04-23 21:38:00,31,83.0
2021-04-23 21:39:00,30,82.0
2021-04-23 21:40:00,23,81.0
2021-04-23 21:41:00,28,89.0
2021-04-23 21:42:00,30,87.0
2021-04-23 21:43:00,30,83.0
2021-04-23 21:44:00,30,80.0
2021-04-23 21:45:00,36,78.0
2021-04-23 21:46:00,32,83.0
2021-04-23 21:47:00,38,81.0
2021-04-23 21:48:00,39,80.0
2021-04-23 21:49:00,42,82.0
2021-04-23 21:50:00,31,80.0
2021-04-23 21:51:00,41,
2021-04-23 21:52:00,45,83.0
2021-04-23 21:53:00,34,82.0
2021-04-23 21:54:00,36,81.0
2021-04-23 21:55:00,40,
2021-04-23 21:56:00,34,
2021-04-23 21:57:00,33,80.0
2021-04-23 21:58:00,30,81.0
2021-04-23 21:59:00,-2,79.0
2021-04-23 22:00:00,30,98.0
2021-04-23 22:01:00,-2,90.0
2021-04-23 22:02:00,-2,96.0
2021-04-23 22:03:00,-2,116.0
2021-04-23 22:04:00,87,125.0
2021-04-23 22:05:00,66,104.0
2021-04-23 22:06:00,48,92.0
2021-04-23 22:07:00,-2,83.0
2021-04-23 22:08:00,-2,121.0
2021-04-23 22:09:00,-2,112.0
2021-04-23 22:10:00,-2,96.0
2021-04-23 22:11:00,-2,101.0
2021-04-23 22:12:00,-2,98.0
2021-04-23 22:13:00,74,100.0
2021-04-23 22:14:00,51,89.0
2021-04-23 22:15:00,61,90.0
2021-04-23 22:16:00,71,93.0
2021-04-23 22:17:00,61,88.0
2021-04-23 22:18:00,65,87.0
2021-04-23 22:19:00,69,
2021-04-23 22:20:00,59,
2021-04-23 22:21:00,63,85.0
2021-04-23 22:22:00,63,87.0
2021-04-23 22:23:00,61,
2021-04-23 22:24:00,59,84.0
2021-04-23 22:25:00,56,87.0
2021-04-23 22:26:00,59,86.0
2021-04-23 22:27:00,60,88.0
2021-04-23 22:28:00,66,89.0
2021-04-23 22:29:00,63,88.0
2021-04-23 22:30:00,55,90.0
2021-04-23 22:31:00,-2,119.0
2021-04-23 22:32:00,-2,112.0
2021-04-23 22:33:00,-2,110.0
2021-04-23 22:34:00,-2,100.0
2021-04-23 22:35:00,-2,82.0
2021-04-23 22:36:00,-2,86.0
2021-04-23 22:37:00,28,79.0
2021-04-23 22:38:00,30,76.0
2021-04-23 22:39:00,32,74.0
2021-04-23 22:40:00,21,77.0
2021-04-23 22:41:00,24,79.0
2021-04-23 22:42:00,-2,91.0
2021-04-23 22:43:00,30,78.0
2021-04-23 22:44:00,30,77.0
2021-04-23 22:45:00,28,75.0
2021-04-23 22:46:00,28,79.0
2021-04-23 22:47:00,33,75.0
2021-04-23 22:48:00,25,77.0
2021-04-23 22:49:00,30,78.0
2021-04-23 22:50:00,29,
2021-04-23 22:51:00,32,79.0
2021-04-23 22:52:00,27,77.0
2021-04-23 22:53:00,32,
2021-04-23 22:54:00,27,75.0
2021-04-23 22:55:00,25,86.0
2021-04-23 22:56:00,43,89.0
2021-04-23 22:57:00,40,79.0
2021-04-23 22:58:00,30,78.0
2021-04-23 22:59:00,34,
2021-04-22 23:00:00,30,84.0
2021-04-22 23:01:00,21,68.0
2021-04-22 23:02:00,18,67.0
2021-04-22 23:03:00,19,63.0
2021-04-22 23:04:00,15,62.0
2021-04-22 23:05:00,16,
2021-04-22 23:06:00,19,
2021-04-22 23:07:00,20,
2021-04-22 23:08:00,17,66.0
2021-04-22 23:09:00,16,64.0
2021-04-22 23:10:00,21,66.0
2021-04-22 23:11:00,19,
2021-04-22 23:12:00,19,
2021-04-22 23:13:00,21,67.0
2021-04-22 23:14:00,21,
2021-04-22 23:15:00,17,
2021-04-22 23:16:00,23,68.0
2021-04-22 23:17:00,23,
2021-04-22 23:18:00,20,
2021-04-22 23:19:00,22,
2021-04-22 23:20:00,22,67.0
2021-04-22 23:21:00,23,
2021-04-22 23:22:00,23,68.0
2021-04-22 23:23:00,23,67.0
2021-04-22 23:24:00,23,
2021-04-22 23:25:00,22,
2021-04-22 23:26:00,23,66.0
2021-04-22 23:27:00,23,67.0
2021-04-22 23:28:00,20,
2021-04-22 23:29:00,22,
2021-04-22 23:30:00,17,71.0
2021-04-22 23:31:00,7,65.0
2021-04-22 23:32:00,7,61.0
2021-04-22 23:33:00,13,59.0
2021-04-22 23:34:00,15,64.0
2021-04-22 23:35:00,7,63.0
2021-04-22 23:36:00,12,60.0
2021-04-22 23:37:00,22,62.0
2021-04-22 23:38:00,22,64.0
2021-04-22 23:39:00,23,65.0
2021-04-22 23:40:00,23,
2021-04-22 23:41:00,23,
2021-04-22 23:42:00,24,
2021-04-22 23:43:00,23,64.0
2021-04-22 23:44:00,23,
2021-04-22 23:45:00,19,62.0
2021-04-22 23:46:00,24,
2021-04-22 23:47:00,20,
2021-04-22 23:48:00,23,61.0
2021-04-22 23:49:00,22,64.0
2021-04-22 23:50:00,23,65.0
2021-04-22 23:51:00,21,66.0
2021-04-22 23:52:00,22,64.0
2021-04-22 23:53:00,22,62.0
2021-04-22 23:54:00,22,
2021-04-22 23:55:00,24,
2021-04-22 23:56:00,23,64.0
2021-04-22 23:57:00,23,65.0
2021-04-22 23:58:00,23,
2021-04-22 23:59:00,23,66.0
2021-04-23 00:00:00,25,78.0
2021-04-23 00:01:00,17,64.0
2021-04-23 00:02:00,23,
2021-04-23 00:03:00,22,65.0
2021-04-23 00:04:00,16,67.0
2021-04-23 00:05:00,18,
2021-04-23 00:06:00,18,
2021-04-23 00:07:00,17,
2021-04-23 00:08:00,19,
2021-04-23 00:09:00,17,
2021-04-23 00:10:00,21,65.0
2021-04-23 00:11:00,23,66.0
2021-04-23 00:12:00,16,69.0
2021-04-23 00:13:00,16,
2021-04-23 00:14:00,20,68.0
2021-04-23 00:15:00,19,
2021-04-23 00:16:00,19,69.0
2021-04-23 00:17:00,23,70.0
2021-04-23 00:18:00,21,69.0
2021-04-23 00:19:00,21,68.0
2021-04-23 00:20:00,24,72.0
2021-04-23 00:21:00,24,90.0
2021-04-23 00:22:00,4,75.0
2021-04-23 00:23:00,9,66.0
2021-04-23 00:24:00,10,
2021-04-23 00:25:00,21,70.0
2021-04-23 00:26:00,13,
2021-04-23 00:27:00,17,68.0
2021-04-23 00:28:00,23,71.0
2021-04-23 00:29:00,17,68.0
2021-04-23 00:30:00,19,
2021-04-23 00:31:00,24,74.0
2021-04-23 00:32:00,25,
2021-04-23 00:33:00,24,80.0
2021-04-23 00:34:00,17,72.0
2021-04-23 00:35:00,22,68.0
2021-04-23 00:36:00,21,67.0
2021-04-23 00:37:00,23,
2021-04-23 00:38:00,24,69.0
2021-04-23 00:39:00,24,
2021-04-23 00:40:00,13,68.0
2021-04-23 00:41:00,16,67.0
2021-04-23 00:42:00,17,66.0
2021-04-23 00:43:00,18,65.0
2021-04-23 00:44:00,21,
2021-04-23 00:45:00,20,
2021-04-23 00:46:00,18,66.0
2021-04-23 00:47:00,14,
2021-04-23 00:48:00,16,67.0
2021-04-23 00:49:00,19,68.0
2021-04-23 00:50:00,19,
2021-04-23 00:51:00,19,69.0
2021-04-23 00:52:00,21,68.0
2021-04-23 00:53:00,18,
2021-04-23 00:54:00,17,
2021-04-23 00:55:00,16,67.0
2021-04-23 00:56:00,16,
2021-04-23 00:57:00,17,
2021-04-23 00:58:00,16,
2021-04-23 00:59:00,17,66.0
2021-04-23 01:00:00,17,
2021-04-23 01:01:00,17,
2021-04-23 01:02:00,15,65.0
2021-04-23 01:03:00,19,64.0
2021-04-23 01:04:00,20,
2021-04-23 01:05:00,20,
2021-04-23 01:06:00,21,65.0
2021-04-23 01:07:00,14,66.0
2021-04-23 01:08:00,16,67.0
2021-04-23 01:09:00,16,
2021-04-23 01:10:00,7,63.0
2021-04-23 01:11:00,12,64.0
2021-04-23 01:12:00,9,59.0
2021-04-23 01:13:00,8,58.0
2021-04-23 01:14:00,11,
2021-04-23 01:15:00,17,59.0
2021-04-23 01:16:00,19,
2021-04-23 01:17:00,20,60.0
2021-04-23 01:18:00,15,61.0
2021-04-23 01:19:00,11,60.0
2021-04-23 01:20:00,16,62.0
2021-04-23 01:21:00,15,59.0
2021-04-23 01:22:00,23,60.0
2021-04-23 01:23:00,21,
2021-04-23 01:24:00,22,
2021-04-23 01:25:00,22,59.0
2021-04-23 01:26:00,22,60.0
2021-04-23 01:27:00,15,61.0
2021-04-23 01:28:00,16,62.0
2021-04-23 01:29:00,16,59.0
2021-04-23 01:30:00,17,
2021-04-23 01:31:00,16,60.0
2021-04-23 01:32:00,21,
2021-04-23 01:33:00,21,
2021-04-23 01:34:00,13,
2021-04-23 01:35:00,16,
2021-04-23 01:36:00,17,59.0
2021-04-23 01:37:00,21,60.0
2021-04-23 01:38:00,21,61.0
2021-04-23 01:39:00,14,65.0
2021-04-23 01:40:00,11,59.0
2021-04-23 01:41:00,12,
2021-04-23 01:42:00,17,
2021-04-23 01:43:00,15,58.0
2021-04-23 01:44:00,16,
2021-04-23 01:45:00,19,60.0
2021-04-23 01:46:00,20,
2021-04-23 01:47:00,10,63.0
2021-04-23 01:48:00,6,61.0
2021-04-23 01:49:00,11,65.0
2021-04-23 01:50:00,2,60.0
2021-04-23 01:51:00,5,62.0
2021-04-23 01:52:00,1,61.0
2021-04-23 01:53:00,5,
2021-04-23 01:54:00,7,
2021-04-23 01:55:00,12,64.0
2021-04-23 01:56:00,13,
2021-04-23 01:57:00,7,
2021-04-23 01:58:00,5,
2021-04-23 01:59:00,7,60.0
2021-04-23 02:00:00,4,
2021-04-23 02:01:00,8,61.0
2021-04-23 02:02:00,20,68.0
2021-04-23 02:03:00,16,64.0
2021-04-23 02:04:00,17,66.0
2021-04-23 02:05:00,22,67.0
2021-04-23 02:06:00,12,63.0
2021-04-23 02:07:00,17,
2021-04-23 02:08:00,22,68.0
2021-04-23 02:09:00,23,70.0
2021-04-23 02:10:00,16,73.0
2021-04-23 02:11:00,5,63.0
2021-04-23 02:12:00,18,
2021-04-23 02:13:00,18,68.0
2021-04-23 02:14:00,20,65.0
2021-04-23 02:15:00,19,69.0
2021-04-23 02:16:00,18,70.0
2021-04-23 02:17:00,17,66.0
2021-04-23 02:18:00,21,67.0
2021-04-23 02:19:00,19,66.0
2021-04-23 02:20:00,16,62.0
2021-04-23 02:21:00,17,68.0
2021-04-23 02:22:00,7,63.0
2021-04-23 02:23:00,21,
2021-04-23 02:24:00,21,65.0
2021-04-23 02:25:00,14,
2021-04-23 02:26:00,17,64.0
2021-04-23 02:27:00,19,67.0
2021-04-23 02:28:00,15,66.0
2021-04-23 02:29:00,18,67.0
2021-04-23 02:30:00,20,
2021-04-23 02:31:00,7,65.0
2021-04-23 02:32:00,7,66.0
2021-04-23 02:33:00,6,61.0
2021-04-23 02:34:00,5,56.0
2021-04-23 02:35:00,14,
2021-04-23 02:36:00,7,57.0
2021-04-23 02:37:00,2,55.0
2021-04-23 02:38:00,10,57.0
2021-04-23 02:39:00,4,56.0
2021-04-23 02:40:00,13,57.0
2021-04-23 02:41:00,16,58.0
2021-04-23 02:42:00,15,57.0
2021-04-23 02:43:00,16,
2021-04-23 02:44:00,19,58.0
2021-04-23 02:45:00,16,57.0
2021-04-23 02:46:00,7,60.0
2021-04-23 02:47:00,8,59.0
2021-04-23 02:48:00,7,58.0
2021-04-23 02:49:00,17,
2021-04-23 02:50:00,16,57.0
2021-04-23 02:51:00,16,
2021-04-23 02:52:00,16,
2021-04-23 02:53:00,15,56.0
2021-04-23 02:54:00,18,57.0
2021-04-23 02:55:00,16,
2021-04-23 02:56:00,14,56.0
2021-04-23 02:57:00,17,
2021-04-23 02:58:00,15,57.0
2021-04-23 02:59:00,12,56.0
2021-04-23 03:00:00,6,57.0
2021-04-23 03:01:00,10,56.0
2021-04-23 03:02:00,12,
2021-04-23 03:03:00,15,57.0
2021-04-23 03:04:00,6,58.0
2021-04-23 03:05:00,9,64.0
2021-04-23 03:06:00,6,58.0
2021-04-23 03:07:00,5,60.0
2021-04-23 03:08:00,8,
2021-04-23 03:09:00,4,56.0
2021-04-23 03:10:00,5,55.0
2021-04-23 03:11:00,11,56.0
2021-04-23 03:12:00,13,57.0
2021-04-23 03:13:00,4,59.0
2021-04-23 03:14:00,11,55.0
2021-04-23 03:15:00,11,56.0
2021-04-23 03:16:00,12,72.0
2021-04-23 03:17:00,13,67.0
2021-04-23 03:18:00,9,63.0
2021-04-23 03:19:00,9,59.0
2021-04-23 03:20:00,7,58.0
2021-04-23 03:21:00,11,61.0
2021-04-23 03:22:00,15,66.0
2021-04-23 03:23:00,15,64.0
2021-04-23 03:24:00,8,62.0
2021-04-23 03:25:00,7,
2021-04-23 03:26:00,4,
2021-04-23 03:27:00,6,60.0
2021-04-23 03:28:00,5,
2021-04-23 03:29:00,13,63.0
2021-04-23 03:30:00,9,64.0
2021-04-23 03:31:00,10,60.0
2021-04-23 03:32:00,4,62.0
2021-04-23 03:33:00,6,67.0
2021-04-23 03:34:00,8,61.0
2021-04-23 03:35:00,10,63.0
2021-04-23 03:36:00,13,65.0
2021-04-23 03:37:00,14,64.0
2021-04-23 03:38:00,11,
2021-04-23 03:39:00,13,
2021-04-23 03:40:00,10,
2021-04-23 03:41:00,6,
2021-04-23 03:42:00,8,63.0
2021-04-23 03:43:00,13,70.0
2021-04-23 03:44:00,18,68.0
2021-04-23 03:45:00,13,57.0
2021-04-23 03:46:00,12,56.0
2021-04-23 03:47:00,15,
2021-04-23 03:48:00,6,59.0
2021-04-23 03:49:00,6,56.0
2021-04-23 03:50:00,8,55.0
2021-04-23 03:51:00,15,
2021-04-23 03:52:00,16,56.0
2021-04-23 03:53:00,17,
2021-04-23 03:54:00,17,57.0
2021-04-23 03:55:00,8,59.0
2021-04-23 03:56:00,7,61.0
2021-04-23 03:57:00,5,55.0
2021-04-23 03:58:00,14,56.0
2021-04-23 03:59:00,16,57.0
2021-04-23 04:00:00,18,56.0
2021-04-23 04:01:00,16,57.0
2021-04-23 04:02:00,19,
2021-04-23 04:03:00,18,
2021-04-23 04:04:00,19,
2021-04-23 04:05:00,19,
2021-04-23 04:06:00,19,
2021-04-23 04:07:00,19,59.0
2021-04-23 04:08:00,21,58.0
2021-04-23 04:09:00,18,
2021-04-23 04:10:00,17,
2021-04-23 04:11:00,17,
2021-04-23 04:12:00,15,
2021-04-23 04:13:00,16,
2021-04-23 04:14:00,17,
2021-04-23 04:15:00,14,
2021-04-23 04:16:00,19,60.0
2021-04-23 04:17:00,10,58.0
2021-04-23 04:18:00,18,59.0
2021-04-23 04:19:00,17,60.0
2021-04-23 04:20:00,5,57.0
2021-04-23 04:21:00,7,
2021-04-23 04:22:00,13,58.0
2021-04-23 04:23:00,11,
2021-04-23 04:24:00,8,57.0
2021-04-23 04:25:00,14,58.0
2021-04-23 04:26:00,16,57.0
2021-04-23 04:27:00,13,64.0
2021-04-23 04:28:00,5,57.0
2021-04-23 04:29:00,12,60.0
2021-04-23 04:30:00,17,62.0
2021-04-23 04:31:00,17,64.0
2021-04-23 04:32:00,17,65.0
2021-04-23 04:33:00,19,62.0
2021-04-23 04:34:00,17,67.0
2021-04-23 04:35:00,18,66.0
2021-04-23 04:36:00,10,61.0
2021-04-23 04:37:00,18,67.0
2021-04-23 04:38:00,20,64.0
2021-04-23 04:39:00,13,
2021-04-23 04:40:00,22,68.0
2021-04-23 04:41:00,17,
2021-04-23 04:42:00,9,75.0
2021-04-23 04:43:00,2,60.0
2021-04-23 04:44:00,7,62.0
2021-04-23 04:45:00,10,64.0
2021-04-23 04:46:00,19,
2021-04-23 04:47:00,20,65.0
2021-04-23 04:48:00,19,69.0
2021-04-23 04:49:00,24,72.0
2021-04-23 04:50:00,16,67.0
2021-04-23 04:51:00,22,68.0
2021-04-23 04:52:00,1,60.0
2021-04-23 04:53:00,10,61.0
2021-04-23 04:54:00,19,70.0
2021-04-23 04:55:00,24,72.0
2021-04-23 04:56:00,22,69.0
2021-04-23 04:57:00,48,77.0
2021-04-23 04:58:00,10,59.0
2021-04-23 04:59:00,1,
2021-04-23 05:00:00,8,60.0
2021-04-23 05:01:00,20,69.0
2021-04-23 05:02:00,12,65.0
2021-04-23 05:03:00,18,69.0
2021-04-23 05:04:00,17,65.0
2021-04-23 05:05:00,10,
2021-04-23 05:06:00,7,62.0
2021-04-23 05:07:00,6,63.0
2021-04-23 05:08:00,11,65.0
2021-04-23 05:09:00,16,61.0
2021-04-23 05:10:00,21,70.0
2021-04-23 05:11:00,20,69.0
2021-04-23 05:12:00,21,
2021-04-23 05:13:00,28,77.0
2021-04-23 05:14:00,24,72.0
2021-04-23 05:15:00,16,64.0
2021-04-23 05:16:00,9,70.0
2021-04-23 05:17:00,18,63.0
2021-04-23 05:18:00,11,61.0
2021-04-23 05:19:00,6,
2021-04-23 05:20:00,19,
2021-04-23 05:21:00,18,62.0
2021-04-23 05:22:00,15,61.0
2021-04-23 05:23:00,20,65.0
2021-04-23 05:24:00,14,60.0
2021-04-23 05:25:00,17,
2021-04-23 05:26:00,14,62.0
2021-04-23 05:27:00,5,68.0
2021-04-23 05:28:00,1,61.0
2021-04-23 05:29:00,8,59.0
2021-04-23 05:30:00,10,61.0
2021-04-23 05:31:00,13,59.0
2021-04-23 05:32:00,12,63.0
2021-04-23 05:33:00,15,
2021-04-23 05:34:00,2,62.0
2021-04-23 05:35:00,3,58.0
2021-04-23 05:36:00,6,57.0
2021-04-23 05:37:00,9,58.0
2021-04-23 05:38:00,8,62.0
2021-04-23 05:39:00,2,56.0
2021-04-23 05:40:00,10,58.0
2021-04-23 05:41:00,6,
2021-04-23 05:42:00,7,
2021-04-23 05:43:00,7,
2021-04-23 05:44:00,14,
2021-04-23 05:45:00,13,
2021-04-23 05:46:00,15,59.0
2021-04-23 05:47:00,16,74.0
2021-04-23 05:48:00,27,73.0
2021-04-23 05:49:00,18,74.0
2021-04-23 05:50:00,22,72.0
2021-04-23 05:51:00,20,
2021-04-23 05:52:00,18,70.0
2021-04-23 05:53:00,16,67.0
2021-04-23 05:54:00,17,70.0
2021-04-23 05:55:00,14,67.0
2021-04-23 05:56:00,18,70.0
2021-04-23 05:57:00,19,72.0
2021-04-23 05:58:00,17,68.0
2021-04-23 05:59:00,-2,93.0
2021-04-23 06:00:00,-2,105.0
2021-04-23 06:01:00,46,95.0
2021-04-23 06:02:00,39,91.0
2021-04-23 06:03:00,37,92.0
2021-04-23 06:04:00,-2,109.0
2021-04-23 06:05:00,-2,116.0
2021-04-23 06:06:00,83,103.0
2021-04-23 06:07:00,-2,97.0
2021-04-23 06:08:00,-2,111.0
2021-04-23 06:09:00,86,101.0
2021-04-23 06:10:00,-2,
2021-04-23 06:11:00,-2,103.0
2021-04-23 06:12:00,51,79.0
2021-04-23 06:13:00,14,71.0
2021-04-23 06:14:00,17,72.0
2021-04-23 06:15:00,21,71.0
2021-04-23 06:16:00,19,69.0
2021-04-23 06:17:00,19,70.0
2021-04-23 06:18:00,17,67.0
2021-04-23 06:19:00,22,83.0
2021-04-23 06:20:00,27,79.0
2021-04-23 06:21:00,-2,99.0
2021-04-23 06:22:00,39,87.0
2021-04-23 06:23:00,13,66.0
2021-04-23 06:24:00,5,65.0
2021-04-23 06:25:00,11,79.0
2021-04-23 06:26:00,-2,94.0
2021-04-23 06:27:00,-2,98.0
2021-04-23 06:28:00,38,79.0
2021-04-23 06:29:00,6,68.0
2021-04-23 06:30:00,0,62.0
2021-04-23 06:31:00,2,60.0
2021-04-23 06:32:00,3,69.0
2021-04-23 06:33:00,18,73.0
2021-04-23 06:34:00,19,70.0
2021-04-23 06:35:00,20,68.0
2021-04-23 06:36:00,17,
2021-04-23 06:37:00,16,
2021-04-23 06:38:00,19,65.0
2021-04-23 06:39:00,7,70.0
2021-04-23 06:40:00,9,65.0
2021-04-23 06:41:00,13,60.0
2021-04-23 06:42:00,13,62.0
2021-04-23 06:43:00,10,60.0
2021-04-23 06:44:00,11,65.0
2021-04-23 06:45:00,11,
2021-04-23 06:46:00,14,60.0
2021-04-23 06:47:00,11,65.0
2021-04-23 06:48:00,15,69.0
2021-04-23 06:49:00,1,65.0
2021-04-23 06:50:00,5,63.0
2021-04-23 06:51:00,4,73.0
2021-04-23 06:52:00,9,74.0
2021-04-23 06:53:00,-2,104.0
2021-04-23 06:54:00,23,78.0
2021-04-23 06:55:00,5,70.0
2021-04-23 06:56:00,3,61.0
2021-04-23 06:57:00,0,60.0
2021-04-23 06:58:00,1,64.0
2021-04-23 06:59:00,3,67.0
2021-04-23 07:00:00,14,68.0
2021-04-23 07:01:00,8,74.0
2021-04-23 07:02:00,6,84.0
2021-04-23 07:03:00,61,101.0
2021-04-23 07:04:00,22,67.0
2021-04-23 07:05:00,0,61.0
2021-04-23 07:06:00,1,59.0
2021-04-23 07:07:00,0,
2021-04-23 07:08:00,2,66.0
2021-04-23 07:09:00,20,
2021-04-23 07:10:00,12,65.0
2021-04-23 07:11:00,-2,81.0
2021-04-23 07:12:00,18,70.0
2021-04-23 07:13:00,6,73.0
2021-04-23 07:14:00,-2,95.0
2021-04-23 07:15:00,-2,91.0
2021-04-23 07:16:00,-2,87.0
2021-04-23 07:17:00,-2,90.0
2021-04-23 07:18:00,-2,
2021-04-23 07:19:00,-2,86.0
2021-04-23 07:20:00,-1,0.0
2021-04-23 07:21:00,-2,
2021-04-23 07:22:00,-1,69.0
2021-04-23 07:23:00,9,70.0
2021-04-23 07:24:00,10,74.0
2021-04-23 07:25:00,-2,84.0
2021-04-23 07:26:00,-2,122.0
2021-04-23 07:27:00,-2,117.0
2021-04-23 07:28:00,33,86.0
2021-04-23 07:29:00,14,73.0
2021-04-23 07:30:00,-2,79.0
2021-04-23 07:31:00,27,
2021-04-23 07:32:00,15,73.0
2021-04-23 07:33:00,-2,102.0
2021-04-23 07:34:00,-2,119.0
2021-04-23 07:35:00,-2,120.0
2021-04-23 07:37:00,42,103.0
2021-04-23 07:38:00,-2,83.0
2021-04-23 07:39:00,-2,79.0
2021-04-23 07:40:00,-2,86.0
2021-04-23 07:41:00,-2,
2021-04-23 07:42:00,-2,105.0
2021-04-23 07:43:00,-2,90.0
2021-04-23 07:44:00,20,84.0
2021-04-23 07:45:00,7,72.0
2021-04-23 07:46:00,10,
2021-04-23 07:47:00,14,66.0
2021-04-23 07:48:00,4,68.0
2021-04-23 07:49:00,8,63.0
2021-04-23 07:50:00,18,67.0
2021-04-23 07:51:00,17,66.0
2021-04-23 07:52:00,11,64.0
2021-04-23 07:53:00,5,63.0
2021-04-23 07:54:00,5,65.0
2021-04-23 07:55:00,4,64.0
2021-04-23 07:56:00,4,63.0
2021-04-23 07:57:00,-2,71.0
2021-04-23 07:58:00,-2,90.0
2021-04-23 07:59:00,-2,98.0
2021-04-23 08:00:00,-2,
2021-04-23 08:01:00,-2,92.0
2021-04-23 08:02:00,-2,94.0
2021-04-23 08:03:00,-2,99.0
2021-04-23 08:04:00,18,80.0
2021-04-23 08:05:00,25,87.0
2021-04-23 08:06:00,-2,92.0
2021-04-23 08:07:00,28,87.0
2021-04-23 08:08:00,24,82.0
2021-04-23 08:09:00,39,116.0
2021-04-23 08:10:00,87,103.0
2021-04-23 08:11:00,30,88.0
2021-04-23 08:12:00,14,76.0
2021-04-23 08:13:00,12,77.0
2021-04-23 08:14:00,13,67.0
2021-04-23 08:15:00,6,69.0
2021-04-23 08:16:00,12,70.0
2021-04-23 08:17:00,5,
2021-04-23 08:18:00,6,71.0
2021-04-23 08:19:00,12,65.0
2021-04-23 08:20:00,10,66.0
2021-04-23 08:21:00,12,69.0
2021-04-23 08:22:00,11,
2021-04-23 08:23:00,-2,90.0
2021-04-23 08:24:00,-2,81.0
2021-04-23 08:25:00,2,61.0
2021-04-23 08:26:00,12,67.0
2021-04-23 08:27:00,13,70.0
2021-04-23 08:28:00,13,72.0
2021-04-23 08:29:00,15,75.0
2021-04-23 08:30:00,32,98.0
2021-04-23 08:31:00,31,85.0
2021-04-23 08:32:00,15,78.0
2021-04-23 08:33:00,14,74.0
2021-04-23 08:34:00,10,70.0
2021-04-23 08:35:00,5,
2021-04-23 08:36:00,6,69.0
2021-04-23 08:37:00,8,
2021-04-23 08:38:00,8,68.0
2021-04-23 08:39:00,8,69.0
2021-04-23 08:40:00,7,79.0
2021-04-23 08:41:00,-2,89.0
2021-04-23 08:42:00,-2,
2021-04-23 08:43:00,-2,101.0
2021-04-23 08:44:00,40,85.0
2021-04-23 08:45:00,19,75.0
2021-04-23 08:46:00,5,66.0
2021-04-23 08:47:00,0,67.0
2021-04-23 08:48:00,3,64.0
2021-04-23 08:49:00,4,70.0
2021-04-23 08:50:00,9,74.0
2021-04-23 08:51:00,9,76.0
2021-04-23 08:52:00,6,75.0
2021-04-23 08:53:00,5,74.0
2021-04-23 08:54:00,9,
2021-04-23 08:55:00,9,70.0
2021-04-23 08:56:00,9,67.0
2021-04-23 08:57:00,4,68.0
2021-04-23 08:58:00,9,74.0
2021-04-23 08:59:00,9,78.0
2021-04-23 09:00:00,17,84.0
2021-04-23 09:01:00,27,79.0
2021-04-23 09:02:00,15,72.0
2021-04-23 09:03:00,7,74.0
2021-04-23 09:04:00,8,76.0
2021-04-23 09:05:00,12,75.0
2021-04-23 09:06:00,4,
2021-04-23 09:07:00,9,82.0
2021-04-23 09:08:00,29,93.0
2021-04-23 09:09:00,30,83.0
2021-04-23 09:10:00,11,81.0
2021-04-23 09:11:00,23,86.0
2021-04-23 09:12:00,22,83.0
2021-04-23 09:13:00,25,89.0
2021-04-23 09:14:00,-2,108.0
2021-04-23 09:15:00,-1,109.0
2021-04-23 09:16:00,-1,99.0
2021-04-23 09:17:00,-1,102.0
2021-04-23 09:18:00,-1,85.0
2021-04-23 09:19:00,-1,79.0
2021-04-23 09:20:00,-2,95.0
2021-04-23 09:21:00,-2,
2021-04-23 09:22:00,56,97.0
2021-04-23 09:23:00,-2,91.0
2021-04-23 09:24:00,-1,64.0
2021-04-23 09:25:00,-1,59.0
2021-04-23 09:26:00,7,74.0
2021-04-23 09:27:00,18,
2021-04-23 09:28:00,20,81.0
2021-04-23 09:29:00,19,72.0
2021-04-23 09:30:00,12,73.0
2021-04-23 09:31:00,-2,89.0
2021-04-23 09:32:00,31,0.0
2021-04-23 09:33:00,-1,
2021-04-23 09:34:00,-1,
2021-04-23 09:35:00,-1,
2021-04-23 09:36:00,-1,
2021-04-23 09:37:00,-1,
2021-04-23 09:38:00,-1,
2021-04-23 09:39:00,-1,
2021-04-23 09:40:00,-1,
2021-04-23 09:41:00,-1,
2021-04-23 09:42:00,-1,
2021-04-23 09:43:00,-1,
2021-04-23 09:44:00,-1,
2021-04-23 09:45:00,-1,
2021-04-23 09:46:00,-1,
2021-04-23 09:47:00,-1,
2021-04-23 09:48:00,-1,0.0
2021-04-23 09:49:00,-1,
2021-04-23 09:50:00,-1,
2021-04-23 09:51:00,-1,
2021-04-23 09:52:00,-2,94.0
2021-04-23 09:53:00,29,87.0
2021-04-23 09:54:00,-2,97.0
2021-04-23 09:55:00,-2,91.0
2021-04-23 09:56:00,-2,82.0
2021-04-23 09:57:00,-2,92.0
2021-04-23 09:58:00,-2,
2021-04-23 09:59:00,-2,95.0
2021-04-23 10:00:00,-2,98.0
2021-04-23 10:01:00,-2,94.0
2021-04-23 10:02:00,-2,93.0
2021-04-23 10:03:00,-2,92.0
2021-04-23 10:04:00,-2,96.0
2021-04-23 10:05:00,-2,94.0
2021-04-23 10:06:00,-1,83.0
2021-04-23 10:07:00,-2,96.0
2021-04-23 10:08:00,-2,99.0
2021-04-23 10:09:00,-2,103.0
2021-04-23 10:10:00,-2,
2021-04-23 10:11:00,-2,129.0
2021-04-23 10:12:00,-2,132.0
2021-04-23 10:13:00,-2,105.0
2021-04-23 10:14:00,-2,93.0
2021-04-23 10:15:00,-2,94.0
2021-04-23 10:16:00,-2,100.0
2021-04-23 10:17:00,-2,
2021-04-23 10:18:00,-2,102.0
2021-04-23 10:19:00,-2,100.0
2021-04-23 10:20:00,-2,
2021-04-23 10:21:00,-2,105.0
2021-04-23 10:22:00,-2,98.0
2021-04-23 10:23:00,-2,102.0
2021-04-23 10:24:00,-2,
2021-04-23 10:25:00,-2,98.0
2021-04-23 10:26:00,-2,99.0
2021-04-23 10:28:00,-2,
2021-04-23 10:29:00,-2,111.0
2021-04-23 10:30:00,-2,118.0
2021-04-23 10:31:00,-2,110.0
2021-04-23 10:32:00,-2,108.0
2021-04-23 10:33:00,-2,110.0
2021-04-23 10:34:00,66,113.0
2021-04-23 10:35:00,-2,98.0
2021-04-23 10:36:00,33,100.0
2021-04-23 10:37:00,-2,87.0
2021-04-23 10:38:00,63,99.0
2021-04-23 10:39:00,30,95.0
2021-04-23 10:40:00,27,83.0
2021-04-23 10:41:00,16,82.0
2021-04-23 10:42:00,-2,94.0
2021-04-23 10:44:00,-1,97.0
2021-04-23 10:45:00,-1,103.0
2021-04-23 10:46:00,47,84.0
2021-04-23 10:47:00,11,69.0
2021-04-23 10:48:00,7,74.0
2021-04-23 10:49:00,17,75.0
2021-04-23 10:51:00,28,76.0
2021-04-23 10:52:00,28,82.0
2021-04-23 10:54:00,22,81.0
2021-04-23 10:55:00,34,
2021-04-23 10:56:00,37,80.0
2021-04-23 10:57:00,60,83.0
2021-04-23 10:58:00,-2,86.0
2021-04-23 10:59:00,41,94.0
2021-04-23 11:00:00,23,78.0
2021-04-23 11:01:00,23,
2021-04-23 11:02:00,36,81.0
2021-04-23 11:03:00,36,88.0
2021-04-23 11:04:00,33,83.0
2021-04-23 11:05:00,25,87.0
2021-04-23 11:06:00,33,80.0
2021-04-23 11:07:00,11,66.0
2021-04-23 11:08:00,0,61.0
2021-04-23 11:09:00,2,59.0
2021-04-23 11:10:00,0,65.0
2021-04-23 11:11:00,19,91.0
2021-04-23 11:12:00,53,92.0
2021-04-23 11:13:00,55,97.0
2021-04-23 11:14:00,75,106.0
2021-04-23 11:16:00,71,100.0
2021-04-23 11:17:00,50,97.0
2021-04-23 11:18:00,54,96.0
2021-04-23 11:19:00,63,94.0
2021-04-23 11:20:00,56,100.0
2021-04-23 11:21:00,50,93.0
2021-04-23 11:22:00,31,88.0
2021-04-23 11:23:00,68,87.0
2021-04-23 11:24:00,63,91.0
2021-04-23 11:25:00,39,97.0
2021-04-23 11:26:00,83,107.0
2021-04-23 11:27:00,-2,117.0
2021-04-23 11:28:00,86,106.0
2021-04-23 11:29:00,60,95.0
2021-04-23 11:30:00,62,
2021-04-23 11:31:00,66,94.0
2021-04-23 11:32:00,71,93.0
2021-04-23 11:33:00,64,98.0
2021-04-23 11:34:00,50,92.0
2021-04-23 11:35:00,63,90.0
2021-04-23 11:36:00,68,94.0
2021-04-23 11:37:00,79,93.0
2021-04-23 11:38:00,76,
2021-04-23 11:39:00,80,94.0
2021-04-23 11:40:00,78,95.0
2021-04-23 11:41:00,69,91.0
2021-04-23 11:42:00,56,89.0
2021-04-23 11:43:00,60,97.0
2021-04-23 11:44:00,58,92.0
2021-04-23 11:45:00,63,87.0
2021-04-23 11:46:00,54,85.0
2021-04-23 11:47:00,34,84.0
2021-04-23 11:48:00,46,83.0
2021-04-23 11:49:00,32,79.0
2021-04-23 11:50:00,22,76.0
2021-04-23 11:51:00,29,
2021-04-23 11:52:00,29,78.0
2021-04-23 11:53:00,29,79.0
2021-04-23 11:54:00,27,
2021-04-23 11:55:00,28,77.0
2021-04-23 11:56:00,23,
2021-04-23 11:57:00,12,78.0
2021-04-23 11:58:00,63,94.0
2021-04-23 11:59:00,66,107.0
2021-04-23 12:00:00,79,99.0
2021-04-23 12:01:00,81,109.0
2021-04-23 12:02:00,81,93.0
2021-04-23 12:03:00,53,88.0
2021-04-23 12:04:00,33,
2021-04-23 12:05:00,53,93.0
2021-04-23 12:06:00,54,91.0
2021-04-23 12:07:00,37,89.0
2021-04-23 12:08:00,44,90.0
2021-04-23 12:09:00,38,83.0
2021-04-23 12:10:00,28,80.0
2021-04-23 12:11:00,27,78.0
2021-04-23 12:12:00,22,80.0
2021-04-23 12:13:00,24,81.0
2021-04-23 12:14:00,27,80.0
2021-04-23 12:15:00,28,
2021-04-23 12:16:00,21,83.0
2021-04-23 12:17:00,30,79.0
2021-04-23 12:18:00,21,76.0
2021-04-23 12:19:00,12,73.0
2021-04-23 12:20:00,10,72.0
2021-04-23 12:21:00,11,
2021-04-23 12:22:00,6,69.0
2021-04-23 12:23:00,10,75.0
2021-04-23 12:24:00,21,
2021-04-23 12:25:00,15,86.0
2021-04-23 12:26:00,45,89.0
2021-04-23 12:27:00,33,87.0
2021-04-23 12:28:00,-2,97.0
2021-04-23 12:29:00,53,85.0
2021-04-23 12:30:00,27,79.0
2021-04-23 12:31:00,19,78.0
2021-04-23 12:32:00,27,81.0
2021-04-23 12:33:00,21,79.0
2021-04-23 12:34:00,27,76.0
2021-04-23 12:35:00,27,
2021-04-23 12:36:00,27,75.0
2021-04-23 12:37:00,24,
2021-04-23 12:38:00,18,88.0
2021-04-23 12:39:00,42,89.0
2021-04-23 12:40:00,24,79.0
2021-04-23 12:41:00,-2,94.0
2021-04-23 12:42:00,33,81.0
2021-04-23 12:43:00,29,
2021-04-23 12:44:00,43,85.0
2021-04-23 12:45:00,64,89.0
2021-04-23 12:46:00,63,98.0
2021-04-23 12:47:00,54,91.0
2021-04-23 12:48:00,36,84.0
2021-04-23 12:49:00,39,82.0
2021-04-23 12:50:00,25,83.0
2021-04-23 12:51:00,41,
2021-04-23 12:52:00,33,81.0
2021-04-23 12:53:00,27,
2021-04-23 12:54:00,27,80.0
2021-04-23 12:55:00,27,81.0
2021-04-23 12:56:00,20,83.0
2021-04-23 12:57:00,24,82.0
2021-04-23 12:58:00,23,77.0
2021-04-23 12:59:00,12,76.0
2021-04-23 13:00:00,18,77.0
2021-04-23 13:01:00,30,78.0
2021-04-23 13:02:00,24,87.0
2021-04-23 13:03:00,32,
2021-04-23 13:04:00,-2,109.0
2021-04-23 13:05:00,-2,131.0
2021-04-23 13:06:00,-2,126.0
2021-04-23 13:07:00,-2,117.0
2021-04-23 13:08:00,-2,102.0
2021-04-23 13:09:00,-2,101.0
2021-04-23 13:10:00,57,89.0
2021-04-23 13:11:00,37,77.0
2021-04-23 13:12:00,8,72.0
2021-04-23 13:13:00,-2,91.0
2021-04-23 13:14:00,-2,96.0
2021-04-23 13:15:00,-2,86.0
2021-04-23 13:16:00,-1,82.0
2021-04-23 13:17:00,-2,84.0
2021-04-23 13:18:00,39,83.0
2021-04-23 13:19:00,-2,88.0
2021-04-23 13:20:00,27,81.0
2021-04-24 09:57:00,35,80.0
2021-04-24 09:58:00,28,78.0
2021-04-24 09:59:00,45,91.0
2021-04-24 10:00:00,53,86.0
2021-04-24 10:01:00,45,88.0
2021-04-24 10:02:00,56,87.0
2021-04-24 10:03:00,42,85.0
2021-04-24 10:04:00,42,83.0
2021-04-24 10:05:00,42,84.0
2021-04-24 10:06:00,36,83.0
2021-04-24 10:07:00,50,86.0
2021-04-24 10:08:00,40,85.0
2021-04-24 10:09:00,41,82.0
2021-04-24 10:10:00,45,87.0
2021-04-24 10:11:00,30,81.0
2021-04-24 10:12:00,-2,91.0
2021-04-24 10:13:00,58,99.0
2021-04-24 10:14:00,42,83.0
2021-04-24 10:15:00,42,
2021-04-24 10:16:00,42,84.0
2021-04-24 10:17:00,49,
2021-04-24 10:18:00,38,82.0
2021-04-24 10:19:00,41,81.0
2021-04-24 10:20:00,36,83.0
2021-04-24 10:21:00,33,80.0
2021-04-24 10:22:00,28,87.0
2021-04-24 10:23:00,30,84.0
2021-04-24 10:24:00,30,87.0
2021-04-24 10:25:00,36,85.0
2021-04-24 10:26:00,76,90.0
2021-04-24 10:27:00,65,89.0
2021-04-24 10:28:00,68,91.0
2021-04-24 10:29:00,42,95.0
2021-04-24 10:30:00,59,88.0
2021-04-24 10:31:00,52,90.0
2021-04-24 10:32:00,45,
2021-04-24 10:33:00,63,88.0
2021-04-24 10:34:00,64,90.0
2021-04-24 10:35:00,-2,89.0
2021-04-24 10:36:00,53,
2021-04-24 10:37:00,67,90.0
2021-04-24 10:38:00,55,
2021-04-24 10:39:00,28,89.0
2021-04-24 10:40:00,51,90.0
2021-04-24 10:41:00,51,84.0
2021-04-24 10:42:00,39,83.0
2021-04-24 10:43:00,41,82.0
2021-04-24 10:44:00,45,81.0
2021-04-24 10:45:00,33,
2021-04-24 10:46:00,45,
2021-04-24 10:47:00,-2,94.0
2021-04-24 10:48:00,38,93.0
2021-04-24 10:49:00,30,81.0
2021-04-24 10:50:00,43,84.0
2021-04-24 10:51:00,40,82.0
2021-04-24 10:52:00,36,80.0
2021-04-24 10:53:00,34,89.0
2021-04-24 10:54:00,31,88.0
2021-04-24 10:55:00,42,93.0
2021-04-24 10:56:00,37,94.0
2021-04-24 10:57:00,46,84.0
2021-04-24 10:58:00,66,88.0
2021-04-24 10:59:00,60,87.0
2021-04-24 11:00:00,52,88.0
2021-04-24 11:01:00,57,86.0
2021-04-24 11:02:00,57,87.0
2021-04-24 11:03:00,57,
2021-04-24 11:04:00,60,88.0
2021-04-24 11:05:00,57,86.0
2021-04-24 11:06:00,63,87.0
2021-04-24 11:07:00,63,88.0
2021-04-24 11:08:00,44,89.0
2021-04-24 11:09:00,66,88.0
2021-04-24 11:10:00,69,89.0
2021-04-24 11:11:00,74,92.0
2021-04-24 11:12:00,68,90.0
2021-04-24 11:13:00,74,91.0
2021-04-24 11:14:00,71,
2021-04-24 11:15:00,77,92.0
2021-04-24 11:16:00,68,
2021-04-24 11:17:00,76,
2021-04-24 11:18:00,75,91.0
2021-04-24 11:19:00,72,92.0
2021-04-24 11:20:00,73,
2021-04-24 11:21:00,68,91.0
2021-04-24 11:22:00,69,89.0
2021-04-24 11:23:00,70,92.0
2021-04-24 11:24:00,69,90.0
2021-04-24 11:25:00,67,
2021-04-24 11:26:00,74,91.0
2021-04-24 11:27:00,81,95.0
2021-04-24 11:28:00,75,
2021-04-24 11:29:00,79,94.0
2021-04-24 11:30:00,81,97.0
2021-04-24 11:31:00,-2,98.0
2021-04-24 11:32:00,-2,110.0
2021-04-24 11:33:00,72,107.0
2021-04-24 11:34:00,74,91.0
2021-04-24 11:35:00,77,94.0
2021-04-24 11:36:00,72,92.0
2021-04-24 11:37:00,69,90.0
2021-04-24 11:38:00,69,
2021-04-24 11:39:00,65,88.0
2021-04-24 11:40:00,55,89.0
2021-04-24 11:41:00,58,88.0
2021-04-24 11:42:00,59,94.0
2021-04-24 11:43:00,57,93.0
2021-04-24 11:44:00,61,88.0
2021-04-24 11:45:00,58,90.0
2021-04-24 11:46:00,78,98.0
2021-04-24 11:47:00,74,91.0
2021-04-24 11:48:00,72,89.0
2021-04-24 11:50:00,45,87.0
2021-04-24 11:51:00,-2,95.0
2021-04-24 11:52:00,-2,97.0
2021-04-24 11:53:00,-2,111.0
2021-04-24 11:54:00,-1,108.0
2021-04-24 11:55:00,-2,102.0
2021-04-24 11:56:00,-2,110.0
2021-04-24 11:57:00,92,114.0
2021-04-24 11:58:00,75,102.0
2021-04-24 11:59:00,63,97.0
2021-04-24 12:00:00,-2,108.0
2021-04-24 12:01:00,-2,107.0
2021-04-24 12:02:00,-2,126.0
2021-04-24 12:03:00,-2,124.0
2021-04-24 12:04:00,75,103.0
2021-04-24 12:05:00,-2,99.0
2021-04-24 12:06:00,84,111.0
2021-04-24 12:07:00,-2,99.0
2021-04-24 12:08:00,-2,103.0
2021-04-24 12:09:00,-2,104.0
2021-04-24 12:10:00,-2,96.0
2021-04-24 12:11:00,-2,100.0
2021-04-24 12:12:00,-2,
2021-04-24 12:13:00,39,95.0
2021-04-24 12:14:00,30,87.0
2021-04-24 12:15:00,21,80.0
2021-04-24 12:16:00,-1,75.0
2021-04-24 12:17:00,9,73.0
2021-04-24 12:18:00,24,82.0
2021-04-24 12:19:00,48,97.0
2021-04-24 12:20:00,50,96.0
2021-04-24 12:21:00,53,95.0
2021-04-24 12:22:00,37,94.0
2021-04-24 12:23:00,-2,128.0
2021-04-24 12:24:00,-2,125.0
2021-04-24 12:25:00,90,116.0
2021-04-24 12:26:00,-2,100.0
2021-04-24 12:27:00,-2,102.0
2021-04-24 12:28:00,91,111.0
2021-04-24 12:29:00,90,105.0
2021-04-24 12:30:00,-2,
2021-04-24 12:31:00,-2,134.0
2021-04-24 12:32:00,-1,154.0
2021-04-24 12:33:00,-1,124.0
2021-04-24 12:34:00,-1,110.0
2021-04-24 12:35:00,-2,106.0
2021-04-24 12:36:00,-2,112.0
2021-04-24 12:37:00,-2,120.0
2021-04-24 12:38:00,78,114.0
2021-04-24 12:39:00,-1,104.0
2021-04-24 12:40:00,-2,108.0
2021-04-24 12:41:00,-2,117.0
2021-04-24 12:42:00,-2,122.0
2021-04-24 12:43:00,-2,150.0
2021-04-24 12:44:00,-2,131.0
2021-04-24 12:45:00,-1,112.0
2021-04-24 12:46:00,-1,0.0
2021-04-24 12:47:00,-1,
2021-04-24 12:48:00,-1,
2021-04-24 12:49:00,-1,
2021-04-24 12:50:00,-1,
2021-04-24 12:51:00,-1,
2021-04-24 12:52:00,-1,
2021-04-24 12:53:00,-1,
2021-04-24 12:54:00,-1,
2021-04-24 12:55:00,-1,
2021-04-24 12:56:00,-1,
2021-04-24 12:57:00,-1,
2021-04-24 12:58:00,-1,
2021-04-24 12:59:00,-1,
2021-04-24 13:00:00,-1,
2021-04-24 13:01:00,-1,
2021-04-24 13:02:00,-1,0.0
2021-04-24 13:03:00,-1,
2021-04-24 13:04:00,-1,
2021-04-24 13:05:00,-1,
2021-04-24 13:06:00,-1,
2021-04-24 13:07:00,-1,
2021-04-24 13:08:00,-1,
2021-04-24 13:09:00,-1,
2021-04-24 13:10:00,-1,
2021-04-24 13:11:00,-1,
2021-04-24 13:12:00,-1,
2021-04-24 13:13:00,-1,
2021-04-24 13:14:00,52,
2021-04-24 13:15:00,60,97.0
2021-04-24 13:16:00,87,100.0
2021-04-24 13:17:00,93,105.0
2021-04-24 13:18:00,87,103.0
2021-04-24 13:19:00,90,
2021-04-24 13:20:00,-2,114.0
2021-04-24 13:21:00,-2,129.0
2021-04-24 13:22:00,-2,128.0
2021-04-24 13:23:00,-2,125.0
2021-04-24 13:24:00,-2,119.0
2021-04-24 13:25:00,-2,121.0
2021-04-24 13:26:00,-2,115.0
2021-04-24 13:27:00,79,103.0
2021-04-24 13:28:00,77,101.0
2021-04-24 13:29:00,64,99.0
2021-04-24 13:30:00,80,98.0
2021-04-24 13:31:00,66,96.0
2021-04-24 13:32:00,54,95.0
2021-04-24 13:33:00,48,94.0
2021-04-24 13:34:00,47,92.0
2021-04-24 13:35:00,54,
2021-04-24 13:36:00,48,
2021-04-24 13:37:00,75,
2021-04-24 13:38:00,70,93.0
2021-04-24 13:39:00,49,92.0
2021-04-24 13:40:00,59,
2021-04-24 13:41:00,59,91.0
2021-04-24 13:42:00,47,
2021-04-24 13:43:00,-2,92.0
2021-04-24 13:44:00,-2,118.0
2021-04-24 13:45:00,-2,119.0
2021-04-24 13:46:00,-1,102.0
2021-04-24 13:47:00,-1,87.0
2021-04-24 13:48:00,29,86.0
2021-04-24 13:49:00,-1,83.0
2021-04-24 13:50:00,25,82.0
2021-04-24 13:51:00,15,81.0
2021-04-24 13:52:00,-1,
2021-04-24 13:53:00,22,78.0
2021-04-24 13:54:00,28,88.0
2021-04-24 13:55:00,30,87.0
2021-04-24 13:56:00,39,86.0
2021-04-24 13:57:00,23,82.0
2021-04-24 13:58:00,49,86.0
2021-04-24 13:59:00,49,87.0
2021-04-24 14:00:00,45,85.0
2021-04-24 14:01:00,55,87.0
2021-04-24 14:02:00,39,90.0
2021-04-24 14:03:00,75,111.0
2021-04-24 14:04:00,57,96.0
2021-04-24 14:05:00,43,88.0
2021-04-24 14:06:00,38,85.0
2021-04-24 14:07:00,57,88.0
2021-04-24 14:08:00,57,89.0
2021-04-24 14:09:00,39,88.0
2021-04-24 14:10:00,68,
2021-04-24 14:11:00,78,93.0
2021-04-24 14:12:00,75,92.0
2021-04-24 14:13:00,51,90.0
2021-04-24 14:14:00,47,85.0
2021-04-24 14:15:00,46,
2021-04-24 14:16:00,36,87.0
2021-04-24 14:17:00,51,91.0
2021-04-24 14:18:00,66,89.0
2021-04-24 14:19:00,78,93.0
2021-04-24 14:20:00,71,92.0
2021-04-24 14:21:00,78,94.0
2021-04-24 14:22:00,72,96.0
2021-04-24 14:23:00,50,97.0
2021-04-24 14:24:00,44,
2021-04-24 14:25:00,42,96.0
2021-04-24 14:26:00,76,97.0
2021-04-24 14:27:00,79,96.0
2021-04-24 14:28:00,81,
2021-04-24 14:29:00,77,
2021-04-24 14:30:00,80,95.0
2021-04-24 14:31:00,75,
2021-04-24 14:32:00,60,92.0
2021-04-24 14:33:00,75,93.0
2021-04-24 14:34:00,76,92.0
2021-04-24 14:35:00,77,95.0
2021-04-24 14:36:00,72,100.0
2021-04-24 14:37:00,76,
2021-04-24 14:38:00,78,96.0
2021-04-24 14:39:00,83,95.0
2021-04-24 14:40:00,83,98.0
2021-04-24 14:41:00,83,99.0
2021-04-24 14:42:00,84,
2021-04-24 14:43:00,86,101.0
2021-04-24 14:44:00,76,
2021-04-24 14:45:00,85,97.0
2021-04-24 14:46:00,84,99.0
2021-04-24 14:47:00,86,
2021-04-24 14:48:00,86,100.0
2021-04-24 14:49:00,87,99.0
2021-04-24 14:50:00,80,95.0
2021-04-24 14:51:00,84,98.0
2021-04-24 14:52:00,82,
2021-04-24 14:53:00,84,
2021-04-24 14:54:00,78,96.0
2021-04-24 14:55:00,70,101.0
2021-04-24 14:56:00,78,98.0
2021-04-24 14:57:00,72,96.0
2021-04-24 14:58:00,60,87.0
2021-04-24 14:59:00,78,93.0
2021-04-24 15:00:00,80,95.0
2021-04-24 15:01:00,48,89.0
2021-04-24 15:02:00,65,87.0
2021-04-24 15:03:00,67,91.0
2021-04-24 15:04:00,75,
2021-04-24 15:05:00,77,93.0
2021-04-24 15:06:00,75,
2021-04-24 15:07:00,74,95.0
2021-04-24 15:08:00,68,91.0
2021-04-24 15:09:00,75,93.0
2021-04-24 15:10:00,77,
2021-04-24 15:11:00,75,
2021-04-24 15:12:00,72,91.0
2021-04-24 15:13:00,74,93.0
2021-04-24 15:14:00,78,
2021-04-24 15:15:00,73,94.0
2021-04-24 15:16:00,63,87.0
2021-04-24 15:17:00,51,92.0
2021-04-24 15:18:00,45,
2021-04-24 15:19:00,49,86.0
2021-04-24 15:20:00,-2,92.0
2021-04-24 15:21:00,-2,99.0
2021-04-24 15:22:00,-2,110.0
2021-04-24 15:23:00,-2,101.0
2021-04-24 15:24:00,-2,110.0
2021-04-24 15:25:00,-2,104.0
2021-04-24 15:26:00,48,97.0
2021-04-24 15:27:00,39,90.0
2021-04-24 15:28:00,49,85.0
2021-04-24 15:29:00,45,
2021-04-24 15:30:00,70,90.0
2021-04-24 15:31:00,63,
2021-04-24 15:32:00,70,
2021-04-24 15:33:00,73,93.0
2021-04-24 15:34:00,44,89.0
2021-04-24 15:35:00,44,84.0
2021-04-24 15:36:00,-2,94.0
2021-04-24 15:37:00,67,102.0
2021-04-24 15:38:00,58,91.0
2021-04-24 15:39:00,-2,90.0
2021-04-24 15:40:00,66,93.0
2021-04-24 15:41:00,59,
2021-04-24 15:42:00,42,98.0
2021-04-24 15:43:00,47,88.0
2021-04-24 15:44:00,38,89.0
2021-04-24 15:45:00,-2,99.0
2021-04-24 15:46:00,-2,120.0
2021-04-24 15:47:00,-2,127.0
2021-04-24 15:48:00,-2,108.0
2021-04-24 15:49:00,-2,100.0
2021-04-24 15:50:00,63,96.0
2021-04-24 15:51:00,-2,
2021-04-24 15:52:00,-2,125.0
2021-04-24 15:53:00,78,130.0
2021-04-24 15:54:00,33,84.0
2021-04-24 15:55:00,34,78.0
2021-04-24 15:56:00,34,
2021-04-24 15:57:00,28,79.0
2021-04-24 15:58:00,32,81.0
2021-04-24 15:59:00,46,85.0
2021-04-24 16:00:00,50,
2021-04-24 16:01:00,43,84.0
2021-04-24 16:02:00,45,86.0
2021-04-24 16:03:00,44,84.0
2021-04-24 16:04:00,36,82.0
2021-04-24 16:05:00,37,83.0
2021-04-24 16:06:00,47,
2021-04-24 16:07:00,39,
2021-04-24 16:08:00,45,85.0
2021-04-24 16:09:00,33,83.0
2021-04-24 16:10:00,34,82.0
2021-04-24 16:11:00,30,80.0
2021-04-24 16:12:00,51,85.0
2021-04-24 16:13:00,58,86.0
2021-04-24 16:14:00,48,85.0
2021-04-24 16:15:00,41,84.0
2021-04-24 16:16:00,42,
2021-04-24 16:17:00,38,83.0
2021-04-24 16:18:00,50,84.0
2021-04-24 16:19:00,48,
2021-04-24 16:20:00,45,
2021-04-24 16:21:00,46,83.0
2021-04-24 16:22:00,47,85.0
2021-04-24 16:23:00,31,82.0
2021-04-24 16:24:00,30,78.0
2021-04-24 16:25:00,-2,76.0
2021-04-24 16:26:00,-2,100.0
2021-04-24 16:27:00,-2,98.0
2021-04-24 16:28:00,-2,93.0
2021-04-24 16:29:00,-2,105.0
2021-04-24 16:30:00,-2,103.0
2021-04-24 16:31:00,-2,94.0
2021-04-24 16:32:00,-2,97.0
2021-04-24 16:33:00,-2,95.0
2021-04-24 16:34:00,-2,89.0
2021-04-24 16:35:00,-2,90.0
2021-04-24 16:36:00,32,100.0
2021-04-24 16:37:00,-2,125.0
2021-04-24 16:38:00,75,107.0
2021-04-24 16:39:00,-2,95.0
2021-04-24 16:40:00,-2,99.0
2021-04-24 16:41:00,33,89.0
2021-04-24 16:42:00,21,83.0
2021-04-24 16:43:00,-2,84.0
2021-04-24 16:44:00,31,85.0
2021-04-24 16:45:00,27,84.0
2021-04-24 16:46:00,33,81.0
2021-04-24 16:47:00,15,76.0
2021-04-24 16:48:00,17,75.0
2021-04-24 16:49:00,-1,82.0
2021-04-24 16:50:00,34,85.0
2021-04-24 16:51:00,45,
2021-04-24 16:52:00,-2,93.0
2021-04-24 16:53:00,-2,92.0
2021-04-24 16:54:00,45,96.0
2021-04-24 16:55:00,-2,88.0
2021-04-24 16:56:00,-2,87.0
2021-04-24 16:57:00,32,
2021-04-24 16:58:00,36,85.0
2021-04-24 16:59:00,42,89.0
2021-04-24 17:00:00,-2,91.0
2021-04-24 17:01:00,-2,
2021-04-24 17:02:00,-2,98.0
2021-04-24 17:03:00,-2,91.0
2021-04-24 17:04:00,-2,104.0
2021-04-24 17:05:00,58,96.0
2021-04-24 17:06:00,-2,92.0
2021-04-24 17:07:00,-2,91.0
2021-04-24 17:08:00,32,84.0
2021-04-24 17:09:00,27,80.0
2021-04-24 17:10:00,-2,84.0
2021-04-24 17:11:00,27,80.0
2021-04-24 17:12:00,19,73.0
2021-04-24 17:13:00,17,71.0
2021-04-24 17:14:00,16,74.0
2021-04-24 17:15:00,36,78.0
2021-04-24 17:16:00,25,80.0
2021-04-24 17:17:00,16,78.0
2021-04-24 17:18:00,27,77.0
2021-04-24 17:19:00,21,79.0
2021-04-24 17:20:00,41,100.0
2021-04-24 17:21:00,-1,85.0
2021-04-24 17:22:00,22,79.0
2021-04-24 17:23:00,16,76.0
2021-04-24 17:24:00,-2,87.0
2021-04-24 17:25:00,-2,89.0
2021-04-24 17:26:00,-2,87.0
2021-04-24 17:27:00,32,88.0
2021-04-24 17:28:00,-2,
2021-04-24 17:29:00,29,85.0
2021-04-24 17:30:00,13,73.0
2021-04-24 17:31:00,8,72.0
2021-04-24 17:32:00,14,70.0
2021-04-24 17:33:00,16,81.0
2021-04-24 17:34:00,30,89.0
2021-04-24 17:35:00,39,91.0
2021-04-24 17:36:00,37,86.0
2021-04-24 17:38:00,11,72.0
2021-04-24 17:39:00,4,67.0
2021-04-24 17:40:00,11,69.0
2021-04-24 17:41:00,-1,75.0
2021-04-24 17:42:00,11,
2021-04-24 17:43:00,10,
2021-04-24 17:44:00,10,74.0
2021-04-24 17:45:00,10,75.0
2021-04-24 17:46:00,30,85.0
2021-04-24 17:47:00,28,86.0
2021-04-24 17:49:00,27,
2021-04-24 17:50:00,30,87.0
2021-04-24 17:51:00,-2,95.0
2021-04-24 17:52:00,37,94.0
2021-04-24 17:53:00,13,78.0
2021-04-24 17:54:00,13,73.0
2021-04-24 17:55:00,19,78.0
2021-04-24 17:56:00,16,74.0
2021-04-24 17:57:00,-2,84.0
2021-04-24 17:58:00,-2,95.0
2021-04-24 17:59:00,-2,94.0
2021-04-24 18:00:00,34,96.0
2021-04-24 18:01:00,27,79.0
2021-04-24 18:02:00,27,
2021-04-24 18:03:00,27,80.0
2021-04-24 18:04:00,32,82.0
2021-04-24 18:05:00,33,
2021-04-24 18:06:00,31,84.0
2021-04-24 18:07:00,39,86.0
2021-04-24 18:08:00,-2,92.0
2021-04-24 18:09:00,51,89.0
2021-04-24 18:10:00,36,81.0
2021-04-24 18:11:00,27,77.0
2021-04-24 18:12:00,44,84.0
2021-04-24 18:13:00,22,80.0
2021-04-24 18:14:00,23,83.0
2021-04-24 18:15:00,44,88.0
2021-04-24 18:16:00,31,82.0
2021-04-24 18:17:00,27,79.0
2021-04-24 18:18:00,22,78.0
2021-04-24 18:19:00,40,87.0
2021-04-24 18:20:00,48,90.0
2021-04-24 18:21:00,51,87.0
2021-04-24 18:22:00,49,85.0
2021-04-24 18:23:00,41,87.0
2021-04-24 18:24:00,39,
2021-04-24 18:25:00,33,88.0
2021-04-24 18:26:00,53,100.0
2021-04-24 18:27:00,66,97.0
2021-04-24 18:28:00,63,98.0
2021-04-24 18:29:00,36,88.0
2021-04-24 18:30:00,29,86.0
2021-04-24 18:31:00,37,84.0
2021-04-24 18:32:00,36,95.0
2021-04-24 18:33:00,44,87.0
2021-04-24 18:34:00,36,81.0
2021-04-24 18:35:00,27,78.0
2021-04-24 18:36:00,22,76.0
2021-04-24 18:37:00,28,
2021-04-24 18:38:00,22,
2021-04-24 18:39:00,24,
2021-04-24 18:40:00,48,89.0
2021-04-24 18:41:00,61,87.0
2021-04-24 18:42:00,50,85.0
2021-04-24 18:43:00,48,90.0
2021-04-24 18:44:00,62,
2021-04-24 18:45:00,60,87.0
2021-04-24 18:46:00,65,88.0
2021-04-24 18:47:00,65,89.0
2021-04-24 18:48:00,60,88.0
2021-04-24 18:49:00,54,90.0
2021-04-24 18:50:00,51,94.0
2021-04-24 18:51:00,69,
2021-04-24 18:52:00,72,89.0
2021-04-24 18:53:00,71,88.0
2021-04-24 18:54:00,73,94.0
2021-04-24 18:55:00,68,95.0
2021-04-24 18:56:00,75,94.0
2021-04-24 18:57:00,73,93.0
2021-04-24 18:58:00,84,95.0
2021-04-24 18:59:00,79,96.0
2021-04-24 19:00:00,79,98.0
2021-04-24 19:01:00,77,
2021-04-24 19:02:00,80,96.0
2021-04-24 19:03:00,-2,108.0
2021-04-24 19:04:00,-2,122.0
2021-04-24 19:05:00,-2,124.0
2021-04-24 19:06:00,-2,129.0
2021-04-24 19:07:00,-2,120.0
2021-04-24 19:08:00,-2,114.0
2021-04-24 19:09:00,-2,113.0
2021-04-24 19:10:00,-2,120.0
2021-04-24 19:11:00,-2,118.0
2021-04-24 19:12:00,91,107.0
2021-04-24 19:13:00,81,83.0
2021-04-24 19:14:00,21,87.0
2021-04-24 19:15:00,-2,86.0
2021-04-24 19:16:00,23,77.0
2021-04-24 19:17:00,17,90.0
2021-04-24 19:18:00,-2,101.0
2021-04-24 19:19:00,-2,91.0
2021-04-24 19:20:00,-2,96.0
2021-04-24 19:21:00,69,
2021-04-24 19:22:00,67,95.0
2021-04-24 19:23:00,70,94.0
2021-04-24 19:24:00,78,
2021-04-24 19:25:00,57,
2021-04-24 19:26:00,76,97.0
2021-04-24 19:27:00,61,94.0
2021-04-24 19:28:00,60,92.0
2021-04-24 19:29:00,33,90.0
2021-04-24 19:30:00,42,106.0
2021-04-24 19:31:00,-2,114.0
2021-04-24 19:32:00,-2,106.0
2021-04-24 19:33:00,-2,101.0
2021-04-24 19:34:00,-2,93.0
2021-04-24 19:35:00,60,91.0
2021-04-24 19:36:00,61,94.0
2021-04-24 19:37:00,69,97.0
2021-04-24 19:38:00,81,103.0
2021-04-24 19:39:00,72,99.0
2021-04-24 19:40:00,72,98.0
2021-04-24 19:41:00,72,103.0
2021-04-24 19:42:00,-2,110.0
2021-04-24 19:43:00,-2,102.0
2021-04-24 19:44:00,-2,108.0
2021-04-24 19:46:00,-2,100.0
2021-04-24 19:47:00,-2,106.0
2021-04-24 19:48:00,59,100.0
2021-04-24 19:49:00,42,84.0
2021-04-24 19:50:00,32,87.0
2021-04-24 19:51:00,60,91.0
2021-04-24 19:52:00,57,88.0
2021-04-24 19:53:00,75,93.0
2021-04-24 19:54:00,-2,102.0
2021-04-24 19:55:00,-2,124.0
2021-04-24 19:56:00,-2,134.0
2021-04-24 19:57:00,-2,113.0
2021-04-24 19:58:00,-2,99.0
2021-04-24 19:59:00,42,101.0
2021-04-24 20:00:00,60,94.0
2021-04-24 20:01:00,69,91.0
2021-04-24 20:02:00,43,86.0
2021-04-24 20:03:00,33,82.0
2021-04-24 20:04:00,42,90.0
2021-04-24 20:05:00,-2,110.0
2021-04-24 20:06:00,80,105.0
2021-04-24 20:07:00,44,93.0
2021-04-24 20:08:00,-2,91.0
2021-04-24 20:09:00,-2,102.0
2021-04-24 20:10:00,-2,110.0
2021-04-24 20:11:00,-2,
2021-04-24 20:12:00,-2,113.0
2021-04-24 20:13:00,-2,108.0
2021-04-24 20:14:00,-2,112.0
2021-04-24 20:15:00,-2,115.0
2021-04-24 20:16:00,-2,112.0
2021-04-24 20:17:00,-2,111.0
2021-04-24 20:18:00,-2,108.0
2021-04-24 20:19:00,-2,105.0
2021-04-24 20:20:00,-2,121.0
2021-04-24 20:21:00,-2,113.0
2021-04-24 20:22:00,-2,104.0
2021-04-24 20:23:00,-2,103.0
2021-04-24 20:24:00,-2,98.0
2021-04-24 20:25:00,-2,104.0
2021-04-24 20:26:00,-2,116.0
2021-04-24 20:27:00,-2,110.0
2021-04-24 20:28:00,-2,95.0
2021-04-24 20:29:00,-2,89.0
2021-04-24 20:30:00,-2,117.0
2021-04-24 20:31:00,-2,105.0
2021-04-24 20:32:00,-2,100.0
2021-04-24 20:33:00,-2,95.0
2021-04-24 20:34:00,-2,107.0
2021-04-24 20:35:00,-2,111.0
2021-04-24 20:36:00,-2,110.0
2021-04-24 20:37:00,-2,113.0
2021-04-24 20:38:00,56,97.0
2021-04-24 20:39:00,-2,89.0
2021-04-24 20:40:00,65,96.0
2021-04-24 20:41:00,45,85.0
2021-04-24 20:42:00,35,79.0
2021-04-24 20:43:00,36,81.0
2021-04-24 20:44:00,36,82.0
2021-04-24 20:45:00,33,81.0
2021-04-24 20:46:00,42,82.0
2021-04-24 20:47:00,28,79.0
2021-04-24 20:48:00,48,84.0
2021-04-24 20:49:00,41,86.0
2021-04-24 20:50:00,30,77.0
2021-04-24 20:51:00,23,74.0
2021-04-24 20:52:00,32,78.0
2021-04-24 20:53:00,36,81.0
2021-04-24 20:54:00,39,83.0
2021-04-24 20:55:00,34,82.0
2021-04-24 20:56:00,36,
2021-04-24 20:57:00,36,84.0
2021-04-24 20:58:00,33,81.0
2021-04-24 20:59:00,29,
2021-04-24 21:00:00,36,84.0
2021-04-24 21:01:00,33,80.0
2021-04-24 21:02:00,40,82.0
2021-04-24 21:03:00,25,81.0
2021-04-24 21:04:00,35,
2021-04-24 21:05:00,41,88.0
2021-04-24 21:06:00,30,82.0
2021-04-24 21:07:00,36,81.0
2021-04-24 21:08:00,33,
2021-04-24 21:09:00,36,83.0
2021-04-24 21:10:00,36,
2021-04-24 21:11:00,45,85.0
2021-04-24 21:12:00,32,81.0
2021-04-24 21:13:00,38,82.0
2021-04-24 21:14:00,45,85.0
2021-04-24 21:15:00,41,83.0
2021-04-24 21:16:00,49,87.0
2021-04-24 21:17:00,42,92.0
2021-04-24 21:18:00,27,79.0
2021-04-24 21:19:00,38,81.0
2021-04-24 21:20:00,31,82.0
2021-04-24 21:21:00,37,83.0
2021-04-24 21:22:00,38,
2021-04-24 21:23:00,51,85.0
2021-04-24 21:24:00,33,82.0
2021-04-24 21:25:00,40,
2021-04-23 23:01:00,36,80.0
2021-04-23 23:02:00,30,81.0
2021-04-23 23:03:00,28,
2021-04-23 23:04:00,30,77.0
2021-04-23 23:05:00,30,79.0
2021-04-23 23:06:00,30,
2021-04-23 23:07:00,33,
2021-04-23 23:08:00,22,
2021-04-23 23:09:00,28,75.0
2021-04-23 23:10:00,27,78.0
2021-04-23 23:11:00,28,
2021-04-23 23:12:00,26,76.0
2021-04-23 23:13:00,30,83.0
2021-04-23 23:14:00,24,76.0
2021-04-23 23:15:00,26,
2021-04-23 23:16:00,15,
2021-04-23 23:17:00,20,73.0
2021-04-23 23:18:00,26,78.0
2021-04-23 23:19:00,-1,75.0
2021-04-23 23:20:00,26,76.0
2021-04-23 23:21:00,24,74.0
2021-04-23 23:22:00,-1,75.0
2021-04-23 23:23:00,24,73.0
2021-04-23 23:24:00,24,
2021-04-23 23:25:00,24,74.0
2021-04-23 23:26:00,24,72.0
2021-04-23 23:27:00,23,74.0
2021-04-23 23:28:00,24,
2021-04-23 23:29:00,24,
2021-04-23 23:30:00,23,73.0
2021-04-23 23:31:00,24,75.0
2021-04-23 23:32:00,-1,
2021-04-23 23:33:00,-1,
2021-04-23 23:34:00,-1,77.0
2021-04-23 23:35:00,-1,76.0
2021-04-23 23:36:00,-1,77.0
2021-04-23 23:37:00,-1,
2021-04-23 23:38:00,-1,
2021-04-23 23:39:00,-1,78.0
2021-04-23 23:40:00,-1,
2021-04-23 23:41:00,-1,
2021-04-23 23:42:00,30,79.0
2021-04-23 23:43:00,30,
2021-04-23 23:44:00,30,80.0
2021-04-23 23:45:00,30,
2021-04-23 23:46:00,29,79.0
2021-04-23 23:47:00,30,
2021-04-23 23:48:00,30,
2021-04-23 23:49:00,28,78.0
2021-04-23 23:50:00,30,80.0
2021-04-23 23:51:00,30,
2021-04-23 23:53:00,19,
2021-04-23 23:54:00,19,69.0
2021-04-23 23:55:00,23,73.0
2021-04-23 23:56:00,22,
2021-04-23 23:57:00,29,75.0
2021-04-23 23:58:00,21,72.0
2021-04-23 23:59:00,23,
2021-04-24 00:00:00,23,71.0
2021-04-24 00:01:00,23,76.0
2021-04-24 00:02:00,18,70.0
2021-04-24 00:03:00,19,68.0
2021-04-24 00:04:00,22,69.0
2021-04-24 00:05:00,20,72.0
2021-04-24 00:06:00,23,73.0
2021-04-24 00:07:00,21,
2021-04-24 00:08:00,21,70.0
2021-04-24 00:09:00,21,72.0
2021-04-24 00:10:00,22,71.0
2021-04-24 00:11:00,23,
2021-04-24 00:12:00,16,72.0
2021-04-24 00:13:00,19,71.0
2021-04-24 00:14:00,21,72.0
2021-04-24 00:15:00,20,71.0
2021-04-24 00:16:00,22,72.0
2021-04-24 00:17:00,26,73.0
2021-04-24 00:18:00,20,76.0
2021-04-24 00:19:00,15,77.0
2021-04-24 00:20:00,19,74.0
2021-04-24 00:21:00,20,76.0
2021-04-24 00:22:00,21,
2021-04-24 00:23:00,-1,74.0
2021-04-24 00:24:00,22,80.0
2021-04-24 00:25:00,27,
2021-04-24 00:26:00,24,77.0
2021-04-24 00:27:00,21,80.0
2021-04-24 00:28:00,23,81.0
2021-04-24 00:29:00,34,79.0
2021-04-24 00:30:00,36,87.0
2021-04-24 00:31:00,42,100.0
2021-04-24 00:32:00,41,90.0
2021-04-24 00:33:00,30,81.0
2021-04-24 00:34:00,39,89.0
2021-04-24 00:35:00,32,93.0
2021-04-24 00:36:00,30,84.0
2021-04-24 00:37:00,27,76.0
2021-04-24 00:38:00,30,78.0
2021-04-24 00:39:00,30,82.0
2021-04-24 00:40:00,29,94.0
2021-04-24 00:41:00,36,77.0
2021-04-24 00:42:00,40,82.0
2021-04-24 00:43:00,39,84.0
2021-04-24 00:44:00,43,82.0
2021-04-24 00:45:00,51,86.0
2021-04-24 00:46:00,48,84.0
2021-04-24 00:47:00,51,86.0
2021-04-24 00:48:00,46,85.0
2021-04-24 00:49:00,57,84.0
2021-04-24 00:50:00,51,86.0
2021-04-24 00:51:00,60,87.0
2021-04-24 00:52:00,50,93.0
2021-04-24 00:53:00,33,80.0
2021-04-24 00:54:00,27,78.0
2021-04-24 00:55:00,29,79.0
2021-04-24 00:56:00,39,81.0
2021-04-24 00:57:00,39,80.0
2021-04-24 00:58:00,42,82.0
2021-04-24 00:59:00,42,80.0
2021-04-24 01:00:00,42,78.0
2021-04-24 01:01:00,42,
2021-04-24 01:02:00,46,83.0
2021-04-24 01:03:00,45,
2021-04-24 01:04:00,54,84.0
2021-04-24 01:05:00,44,
2021-04-24 01:06:00,25,83.0
2021-04-24 01:07:00,30,
2021-04-24 01:08:00,39,85.0
2021-04-24 01:09:00,39,87.0
2021-04-24 01:10:00,41,83.0
2021-04-24 01:11:00,39,85.0
2021-04-24 01:12:00,31,
2021-04-24 01:13:00,38,
2021-04-24 01:14:00,40,
2021-04-24 01:15:00,49,88.0
2021-04-24 01:16:00,33,93.0
2021-04-24 01:17:00,42,
2021-04-24 01:18:00,27,91.0
2021-04-24 01:19:00,33,87.0
2021-04-24 01:20:00,55,
2021-04-24 01:21:00,38,88.0
2021-04-24 01:22:00,46,87.0
2021-04-24 01:23:00,39,88.0
2021-04-24 01:24:00,42,87.0
2021-04-24 01:25:00,42,
2021-04-24 01:26:00,41,
2021-04-24 01:27:00,42,88.0
2021-04-24 01:28:00,55,87.0
2021-04-24 01:29:00,41,85.0
2021-04-24 01:30:00,48,82.0
2021-04-24 01:31:00,60,86.0
2021-04-24 01:32:00,36,94.0
2021-04-24 01:33:00,43,84.0
2021-04-24 01:34:00,56,85.0
2021-04-24 01:35:00,56,87.0
2021-04-24 01:36:00,57,86.0
2021-04-24 01:37:00,47,
2021-04-24 01:38:00,57,
2021-04-24 01:39:00,48,85.0
2021-04-24 01:40:00,67,89.0
2021-04-24 01:41:00,62,87.0
2021-04-24 01:42:00,64,88.0
2021-04-24 01:43:00,59,86.0
2021-04-24 01:44:00,62,88.0
2021-04-24 01:45:00,65,
2021-04-24 01:46:00,59,91.0
2021-04-24 01:47:00,48,92.0
2021-04-24 01:48:00,44,83.0
2021-04-24 01:49:00,42,85.0
2021-04-24 01:50:00,45,
2021-04-24 01:51:00,52,84.0
2021-04-24 01:52:00,59,93.0
2021-04-24 01:53:00,56,84.0
2021-04-24 01:54:00,44,87.0
2021-04-24 01:55:00,51,84.0
2021-04-24 01:56:00,52,87.0
2021-04-24 01:57:00,55,88.0
2021-04-24 01:58:00,56,85.0
2021-04-24 01:59:00,53,86.0
2021-04-24 02:00:00,53,87.0
2021-04-24 02:01:00,49,84.0
2021-04-24 02:02:00,60,88.0
2021-04-24 02:03:00,44,85.0
2021-04-24 02:04:00,54,86.0
2021-04-24 02:05:00,51,
2021-04-24 02:06:00,67,89.0
2021-04-24 02:07:00,46,87.0
2021-04-24 02:08:00,64,86.0
2021-04-24 02:09:00,66,92.0
2021-04-24 02:10:00,46,87.0
2021-04-24 02:11:00,60,86.0
2021-04-24 02:12:00,51,
2021-04-24 02:13:00,69,89.0
2021-04-24 02:14:00,66,
2021-04-24 02:15:00,58,
2021-04-24 02:16:00,63,88.0
2021-04-24 02:17:00,64,87.0
2021-04-24 02:18:00,66,90.0
2021-04-24 02:19:00,64,
2021-04-24 02:20:00,54,87.0
2021-04-24 02:21:00,78,91.0
2021-04-24 02:22:00,72,92.0
2021-04-24 02:23:00,62,91.0
2021-04-24 02:24:00,60,86.0
2021-04-24 02:25:00,77,92.0
2021-04-24 02:26:00,78,95.0
2021-04-24 02:27:00,77,96.0
2021-04-24 02:28:00,72,91.0
2021-04-24 02:29:00,69,90.0
2021-04-24 02:30:00,65,88.0
2021-04-24 02:31:00,66,
2021-04-24 02:32:00,63,89.0
2021-04-24 02:33:00,67,90.0
2021-04-24 02:34:00,69,88.0
2021-04-24 02:35:00,70,90.0
2021-04-24 02:36:00,59,89.0
2021-04-24 02:37:00,82,95.0
2021-04-24 02:38:00,63,92.0
2021-04-24 02:39:00,77,
2021-04-24 02:40:00,68,90.0
2021-04-24 02:41:00,80,95.0
2021-04-24 02:42:00,75,93.0
2021-04-24 02:43:00,74,92.0
2021-04-24 02:44:00,70,95.0
2021-04-24 02:45:00,84,97.0
2021-04-24 02:46:00,86,103.0
2021-04-24 02:47:00,84,98.0
2021-04-24 02:48:00,84,
2021-04-24 02:49:00,82,99.0
2021-04-24 02:50:00,81,98.0
2021-04-24 02:51:00,78,95.0
2021-04-24 02:52:00,81,96.0
2021-04-24 02:53:00,83,95.0
2021-04-24 02:54:00,74,98.0
2021-04-24 02:55:00,86,93.0
2021-04-24 02:56:00,78,99.0
2021-04-24 02:57:00,79,94.0
2021-04-24 02:58:00,81,97.0
2021-04-24 02:59:00,81,
2021-04-24 03:00:00,82,98.0
2021-04-24 03:01:00,80,95.0
2021-04-24 03:02:00,77,
2021-04-24 03:03:00,80,96.0
2021-04-24 03:04:00,80,94.0
2021-04-24 03:05:00,80,96.0
2021-04-24 03:06:00,89,102.0
2021-04-24 03:07:00,83,97.0
2021-04-24 03:08:00,82,98.0
2021-04-24 03:09:00,86,101.0
2021-04-24 03:10:00,84,98.0
2021-04-24 03:11:00,80,
2021-04-24 03:12:00,83,97.0
2021-04-24 03:13:00,86,98.0
2021-04-24 03:14:00,89,103.0
2021-04-24 03:15:00,81,107.0
2021-04-24 03:16:00,81,94.0
2021-04-24 03:17:00,84,98.0
2021-04-24 03:18:00,80,97.0
2021-04-24 03:19:00,83,
2021-04-24 03:20:00,80,98.0
2021-04-24 03:21:00,79,96.0
2021-04-24 03:22:00,80,95.0
2021-04-24 03:23:00,81,96.0
2021-04-24 03:24:00,78,95.0
2021-04-24 03:25:00,79,
2021-04-24 03:26:00,90,99.0
2021-04-24 03:27:00,87,107.0
2021-04-24 03:28:00,81,97.0
2021-04-24 03:29:00,85,99.0
2021-04-24 03:30:00,83,97.0
2021-04-24 03:31:00,84,99.0
2021-04-24 03:32:00,82,98.0
2021-04-24 03:33:00,82,96.0
2021-04-24 03:34:00,85,98.0
2021-04-24 03:35:00,87,102.0
2021-04-24 03:36:00,85,100.0
2021-04-24 03:37:00,84,
2021-04-24 03:38:00,86,99.0
2021-04-24 03:39:00,87,102.0
2021-04-24 03:40:00,88,101.0
2021-04-24 03:41:00,84,
2021-04-24 03:42:00,87,100.0
2021-04-24 03:43:00,85,
2021-04-24 03:44:00,87,99.0
2021-04-24 03:45:00,94,111.0
2021-04-24 03:46:00,97,115.0
2021-04-24 03:47:00,96,113.0
2021-04-24 03:48:00,97,117.0
2021-04-24 03:49:00,-2,131.0
2021-04-24 03:50:00,96,132.0
2021-04-24 03:51:00,-2,106.0
2021-04-24 03:52:00,-2,121.0
2021-04-24 03:53:00,89,106.0
2021-04-24 03:54:00,89,105.0
2021-04-24 03:55:00,87,101.0
2021-04-24 03:56:00,87,103.0
2021-04-24 03:57:00,82,100.0
2021-04-24 03:58:00,86,
2021-04-24 03:59:00,86,99.0
2021-04-24 04:00:00,86,100.0
2021-04-24 04:01:00,86,101.0
2021-04-24 04:02:00,84,99.0
2021-04-24 04:03:00,86,100.0
2021-04-24 04:04:00,79,98.0
2021-04-24 04:05:00,80,99.0
2021-04-24 04:06:00,85,98.0
2021-04-24 04:07:00,82,
2021-04-24 04:08:00,86,99.0
2021-04-24 04:09:00,84,
2021-04-24 04:10:00,87,101.0
2021-04-24 04:11:00,85,100.0
2021-04-24 04:12:00,87,
2021-04-24 04:13:00,87,102.0
2021-04-24 04:14:00,87,
2021-04-24 04:15:00,86,105.0
2021-04-24 04:16:00,87,100.0
2021-04-24 04:17:00,90,104.0
2021-04-24 04:18:00,90,
2021-04-24 04:19:00,89,
2021-04-24 04:20:00,88,103.0
2021-04-24 04:21:00,87,102.0
2021-04-24 04:22:00,87,
2021-04-24 04:23:00,87,101.0
2021-04-24 04:24:00,86,
2021-04-24 04:25:00,86,
2021-04-24 04:26:00,86,100.0
2021-04-24 04:27:00,87,101.0
2021-04-24 04:28:00,86,
2021-04-24 04:29:00,87,
2021-04-24 04:30:00,87,
2021-04-24 04:31:00,86,100.0
2021-04-24 04:32:00,86,101.0
2021-04-24 04:33:00,87,
2021-04-24 04:34:00,89,102.0
2021-04-24 04:35:00,87,101.0
2021-04-24 04:36:00,87,102.0
2021-04-24 04:37:00,87,101.0
2021-04-24 04:38:00,90,103.0
2021-04-24 04:39:00,89,105.0
2021-04-24 04:40:00,89,104.0
2021-04-24 04:41:00,96,108.0
2021-04-24 04:42:00,88,112.0
2021-04-24 04:43:00,88,101.0
2021-04-24 04:44:00,90,104.0
2021-04-24 04:45:00,87,102.0
2021-04-24 04:46:00,93,107.0
2021-04-24 04:47:00,81,101.0
2021-04-24 04:48:00,85,99.0
2021-04-24 04:49:00,84,100.0
2021-04-24 04:50:00,85,99.0
2021-04-24 04:51:00,87,100.0
2021-04-24 04:52:00,87,101.0
2021-04-24 04:53:00,85,
2021-04-24 04:54:00,85,99.0
2021-04-24 04:55:00,84,
2021-04-24 04:56:00,96,109.0
2021-04-24 04:57:00,90,106.0
2021-04-24 04:58:00,93,109.0
2021-04-24 04:59:00,94,110.0
2021-04-24 05:00:00,92,
2021-04-24 05:01:00,93,106.0
2021-04-24 05:02:00,92,107.0
2021-04-24 05:03:00,91,106.0
2021-04-24 05:04:00,91,104.0
2021-04-24 05:05:00,95,116.0
2021-04-24 05:06:00,93,107.0
2021-04-24 05:07:00,93,
2021-04-24 05:08:00,90,106.0
2021-04-24 05:09:00,91,
2021-04-24 05:10:00,88,102.0
2021-04-24 05:11:00,89,104.0
2021-04-24 05:12:00,90,
2021-04-24 05:13:00,86,102.0
2021-04-24 05:14:00,87,100.0
2021-04-24 05:15:00,87,103.0
2021-04-24 05:16:00,97,110.0
2021-04-24 05:17:00,89,108.0
2021-04-24 05:18:00,92,103.0
2021-04-24 05:19:00,94,114.0
2021-04-24 05:20:00,90,106.0
2021-04-24 05:21:00,88,105.0
2021-04-24 05:22:00,92,104.0
2021-04-24 05:23:00,90,106.0
2021-04-24 05:24:00,87,101.0
2021-04-24 05:25:00,94,104.0
2021-04-24 05:26:00,88,108.0
2021-04-24 05:27:00,94,106.0
2021-04-24 05:28:00,91,109.0
2021-04-24 05:29:00,89,103.0
2021-04-24 05:30:00,88,
2021-04-24 05:31:00,85,101.0
2021-04-24 05:32:00,84,99.0
2021-04-24 05:33:00,82,
2021-04-24 05:34:00,81,97.0
2021-04-24 05:35:00,84,96.0
2021-04-24 05:36:00,81,101.0
2021-04-24 05:37:00,92,102.0
2021-04-24 05:38:00,85,106.0
2021-04-24 05:39:00,82,98.0
2021-04-24 05:40:00,92,104.0
2021-04-24 05:41:00,92,107.0
2021-04-24 05:42:00,91,108.0
2021-04-24 05:43:00,90,105.0
2021-04-24 05:44:00,93,106.0
2021-04-24 05:45:00,96,114.0
2021-04-24 05:46:00,94,
2021-04-24 05:47:00,87,108.0
2021-04-24 05:48:00,84,102.0
2021-04-24 05:49:00,-2,106.0
2021-04-24 05:50:00,78,107.0
2021-04-24 05:51:00,78,108.0
2021-04-24 05:52:00,80,105.0
2021-04-24 05:53:00,85,103.0
2021-04-24 05:54:00,94,109.0
2021-04-24 05:55:00,94,110.0
2021-04-24 05:56:00,95,109.0
2021-04-24 05:57:00,98,116.0
2021-04-24 05:58:00,97,117.0
2021-04-24 05:59:00,96,115.0
2021-04-24 06:00:00,97,
2021-04-24 06:01:00,93,116.0
2021-04-24 06:02:00,-1,
2021-04-24 06:03:00,-1,0.0
2021-04-24 06:04:00,-1,
2021-04-24 06:05:00,-1,
2021-04-24 06:06:00,-1,
2021-04-24 06:07:00,-1,
2021-04-24 06:08:00,-1,
2021-04-24 06:09:00,-1,
2021-04-24 06:10:00,-1,
2021-04-24 06:11:00,-1,
2021-04-24 06:12:00,-1,
2021-04-24 06:13:00,-1,
2021-04-24 06:14:00,-1,
2021-04-24 06:15:00,-1,
2021-04-24 06:16:00,-1,
2021-04-24 06:17:00,-1,
2021-04-24 06:18:00,-1,
2021-04-24 06:19:00,-1,0.0
2021-04-24 06:20:00,-1,
2021-04-24 06:21:00,-1,
2021-04-24 06:22:00,-1,
2021-04-24 06:23:00,-1,
2021-04-24 06:24:00,-1,
2021-04-24 06:25:00,-1,
2021-04-24 06:26:00,-1,
2021-04-24 06:27:00,-1,
2021-04-24 06:28:00,-1,
2021-04-24 06:29:00,-1,
2021-04-24 06:30:00,-1,
2021-04-24 06:31:00,-1,
2021-04-24 06:32:00,-1,
2021-04-24 06:33:00,-1,
2021-04-24 06:34:00,-1,
2021-04-24 06:35:00,-1,0.0
2021-04-24 06:36:00,-1,
2021-04-24 06:37:00,-1,
2021-04-24 06:38:00,-1,
2021-04-24 06:39:00,-1,
2021-04-24 06:40:00,-1,
2021-04-24 06:41:00,-2,108.0
2021-04-24 06:42:00,-2,125.0
2021-04-24 06:43:00,-2,115.0
2021-04-24 06:44:00,88,107.0
2021-04-24 06:45:00,87,104.0
2021-04-24 06:46:00,87,103.0
2021-04-24 06:47:00,73,100.0
2021-04-24 06:48:00,63,98.0
2021-04-24 06:49:00,78,
2021-04-24 06:50:00,81,
2021-04-24 06:51:00,75,99.0
2021-04-24 06:52:00,73,98.0
2021-04-24 06:53:00,79,
2021-04-24 06:54:00,78,95.0
2021-04-24 06:55:00,79,96.0
2021-04-24 06:56:00,81,97.0
2021-04-24 06:57:00,86,99.0
2021-04-24 06:58:00,81,97.0
2021-04-24 06:59:00,80,
2021-04-24 07:00:00,80,
2021-04-24 07:01:00,77,96.0
2021-04-24 07:02:00,81,
2021-04-24 07:03:00,83,97.0
2021-04-24 07:04:00,72,
2021-04-24 07:05:00,75,94.0
2021-04-24 07:06:00,75,95.0
2021-04-24 07:07:00,80,94.0
2021-04-24 07:08:00,83,99.0
2021-04-24 07:09:00,83,
2021-04-24 07:10:00,86,
2021-04-24 07:11:00,74,98.0
2021-04-24 07:12:00,80,97.0
2021-04-24 07:13:00,84,99.0
2021-04-24 07:14:00,76,97.0
2021-04-24 07:15:00,-2,96.0
2021-04-24 07:16:00,66,102.0
2021-04-24 07:17:00,-2,98.0
2021-04-24 07:18:00,33,95.0
2021-04-24 07:19:00,55,
2021-04-24 07:20:00,79,97.0
2021-04-24 07:21:00,77,94.0
2021-04-24 07:22:00,79,95.0
2021-04-24 07:23:00,80,
2021-04-24 07:24:00,79,
2021-04-24 07:25:00,86,98.0
2021-04-24 07:26:00,79,97.0
2021-04-24 07:27:00,78,95.0
2021-04-24 07:28:00,81,97.0
2021-04-24 07:29:00,74,100.0
2021-04-24 07:30:00,79,97.0
2021-04-24 07:31:00,82,
2021-04-24 07:32:00,82,
2021-04-24 07:33:00,80,96.0
2021-04-24 07:34:00,78,97.0
2021-04-24 07:35:00,82,99.0
2021-04-24 07:36:00,81,96.0
2021-04-24 07:37:00,81,
2021-04-24 07:38:00,81,99.0
2021-04-24 07:39:00,83,98.0
2021-04-24 07:40:00,81,99.0
2021-04-24 07:41:00,78,94.0
2021-04-24 07:42:00,74,
2021-04-24 07:43:00,75,91.0
2021-04-24 07:44:00,77,94.0
2021-04-24 07:45:00,76,
2021-04-24 07:46:00,77,93.0
2021-04-24 07:47:00,79,95.0
2021-04-24 07:48:00,85,99.0
2021-04-24 07:49:00,80,96.0
2021-04-24 07:50:00,81,97.0
2021-04-24 07:51:00,83,
2021-04-24 07:52:00,83,99.0
2021-04-24 07:53:00,89,101.0
2021-04-24 07:54:00,84,
2021-04-24 07:55:00,85,98.0
2021-04-24 07:56:00,91,103.0
2021-04-24 07:57:00,82,101.0
2021-04-24 07:58:00,86,98.0
2021-04-24 07:59:00,83,
2021-04-24 08:00:00,81,
2021-04-24 08:01:00,79,96.0
2021-04-24 08:02:00,82,97.0
2021-04-24 08:03:00,82,
2021-04-24 08:04:00,84,98.0
2021-04-24 08:05:00,84,
2021-04-24 08:06:00,84,99.0
2021-04-24 08:07:00,85,100.0
2021-04-24 08:08:00,85,99.0
2021-04-24 08:09:00,85,100.0
2021-04-24 08:10:00,85,99.0
2021-04-24 08:11:00,85,101.0
2021-04-24 08:12:00,85,99.0
2021-04-24 08:13:00,86,100.0
2021-04-24 08:14:00,86,
2021-04-24 08:15:00,85,
2021-04-24 08:16:00,85,
2021-04-24 08:17:00,94,106.0
2021-04-24 08:18:00,84,107.0
2021-04-24 08:19:00,78,98.0
2021-04-24 08:20:00,78,96.0
2021-04-24 08:21:00,78,97.0
2021-04-24 08:22:00,75,92.0
2021-04-24 08:23:00,73,93.0
2021-04-24 08:24:00,78,
2021-04-24 08:25:00,65,92.0
2021-04-24 08:26:00,72,91.0
2021-04-24 08:27:00,72,
2021-04-24 08:28:00,66,90.0
2021-04-24 08:29:00,75,92.0
2021-04-24 08:30:00,58,91.0
2021-04-24 08:31:00,64,
2021-04-24 08:32:00,68,90.0
2021-04-24 08:33:00,66,
2021-04-24 08:34:00,60,88.0
2021-04-24 08:35:00,60,89.0
2021-04-24 08:36:00,67,88.0
2021-04-24 08:37:00,79,97.0
2021-04-24 08:38:00,56,89.0
2021-04-24 08:39:00,56,86.0
2021-04-24 08:40:00,54,
2021-04-24 08:41:00,55,87.0
2021-04-24 08:42:00,54,85.0
2021-04-24 08:43:00,57,87.0
2021-04-24 08:44:00,58,86.0
2021-04-24 08:45:00,54,88.0
2021-04-24 08:46:00,55,87.0
2021-04-24 08:47:00,47,84.0
2021-04-24 08:48:00,60,87.0
2021-04-24 08:49:00,57,
2021-04-24 08:50:00,51,86.0
2021-04-24 08:51:00,69,88.0
2021-04-24 08:52:00,50,
2021-04-24 08:53:00,36,83.0
2021-04-24 08:54:00,51,84.0
2021-04-24 08:55:00,51,86.0
2021-04-24 08:56:00,54,85.0
2021-04-24 08:57:00,48,86.0
2021-04-24 08:58:00,53,
2021-04-24 08:59:00,56,
2021-04-24 09:00:00,53,
2021-04-24 09:01:00,51,
2021-04-24 09:02:00,58,
2021-04-24 09:03:00,48,
2021-04-24 09:04:00,54,85.0
2021-04-24 09:05:00,48,86.0
2021-04-24 09:06:00,51,
2021-04-24 09:07:00,48,85.0
2021-04-24 09:08:00,51,
2021-04-24 09:09:00,54,86.0
2021-04-24 09:10:00,54,
2021-04-24 09:11:00,46,85.0
2021-04-24 09:12:00,51,86.0
2021-04-24 09:13:00,42,84.0
2021-04-24 09:14:00,46,
2021-04-24 09:15:00,45,85.0
2021-04-24 09:16:00,58,
2021-04-24 09:17:00,64,97.0
2021-04-24 09:18:00,72,87.0
2021-04-24 09:19:00,34,86.0
2021-04-24 09:20:00,38,81.0
2021-04-24 09:21:00,44,88.0
2021-04-24 09:22:00,56,87.0
2021-04-24 09:23:00,68,91.0
2021-04-24 09:24:00,68,89.0
2021-04-24 09:25:00,63,91.0
2021-04-24 09:26:00,67,89.0
2021-04-24 09:27:00,60,90.0
2021-04-24 09:28:00,59,87.0
2021-04-24 09:29:00,58,89.0
2021-04-24 09:30:00,69,88.0
2021-04-24 09:31:00,69,93.0
2021-04-24 09:32:00,54,88.0
2021-04-24 09:33:00,60,85.0
2021-04-24 09:34:00,65,88.0
2021-04-24 09:35:00,71,89.0
2021-04-24 09:36:00,60,
2021-04-24 09:37:00,54,87.0
2021-04-24 09:38:00,66,88.0
2021-04-24 09:39:00,57,87.0
2021-04-24 09:40:00,-2,98.0
2021-04-24 09:41:00,83,110.0
2021-04-24 09:42:00,48,92.0
2021-04-24 09:43:00,66,87.0
2021-04-24 09:44:00,54,
2021-04-24 09:45:00,58,86.0
2021-04-24 09:46:00,51,
2021-04-24 09:47:00,57,87.0
2021-04-24 09:48:00,64,86.0
2021-04-24 09:49:00,45,104.0
2021-04-24 09:50:00,51,87.0
2021-04-24 09:51:00,48,
2021-04-24 09:52:00,60,86.0
2021-04-24 09:53:00,51,88.0
2021-04-24 09:54:00,55,85.0
2021-04-24 09:55:00,55,87.0
2021-04-24 09:56:00,45,92.0
2021-04-24 21:26:00,34,84.0
2021-04-24 21:27:00,37,83.0
2021-04-24 21:28:00,33,80.0
2021-04-24 21:29:00,45,83.0
2021-04-24 21:30:00,31,82.0
2021-04-24 21:31:00,32,79.0
2021-04-24 21:32:00,34,83.0
2021-04-24 21:33:00,-2,108.0
2021-04-24 21:34:00,33,85.0
2021-04-24 21:35:00,27,80.0
2021-04-24 21:36:00,27,82.0
2021-04-24 21:37:00,22,75.0
2021-04-24 21:38:00,15,71.0
2021-04-24 21:39:00,-1,75.0
2021-04-24 21:40:00,29,79.0
2021-04-24 21:41:00,31,81.0
2021-04-24 21:42:00,24,80.0
2021-04-24 21:43:00,-2,96.0
2021-04-24 21:44:00,30,82.0
2021-04-24 21:45:00,32,80.0
2021-04-24 21:46:00,47,85.0
2021-04-24 21:47:00,58,87.0
2021-04-24 21:48:00,50,86.0
2021-04-24 21:49:00,36,83.0
2021-04-24 21:50:00,54,87.0
2021-04-24 21:51:00,50,85.0
2021-04-24 21:52:00,-2,114.0
2021-04-24 21:53:00,70,104.0
2021-04-24 21:54:00,-2,97.0
2021-04-24 21:55:00,36,91.0
2021-04-24 21:56:00,30,78.0
2021-04-24 21:57:00,20,74.0
2021-04-24 21:58:00,35,79.0
2021-04-24 21:59:00,33,
2021-04-24 22:00:00,36,80.0
2021-04-24 22:01:00,25,77.0
2021-04-24 22:02:00,21,74.0
2021-04-24 22:03:00,31,80.0
2021-04-24 22:04:00,32,77.0
2021-04-24 22:05:00,31,80.0
2021-04-24 22:06:00,29,79.0
2021-04-24 22:07:00,27,78.0
2021-04-24 22:08:00,18,
2021-04-24 22:09:00,20,72.0
2021-04-24 22:10:00,18,74.0
2021-04-24 22:11:00,18,76.0
2021-04-24 22:12:00,19,73.0
2021-04-24 22:13:00,19,74.0
2021-04-24 22:14:00,20,75.0
2021-04-24 22:15:00,16,70.0
2021-04-24 22:16:00,23,
2021-04-24 22:17:00,22,
2021-04-24 22:18:00,22,
2021-04-24 22:19:00,19,77.0
2021-04-24 22:20:00,19,69.0
2021-04-24 22:21:00,23,71.0
2021-04-24 22:22:00,23,74.0
2021-04-24 22:23:00,15,76.0
2021-04-24 22:24:00,24,
2021-04-24 22:25:00,-2,
2021-04-24 22:26:00,-2,
2021-04-24 22:27:00,-2,106.0
2021-04-24 22:28:00,-2,96.0
2021-04-24 22:29:00,27,87.0
2021-04-24 22:30:00,23,82.0
2021-04-24 22:31:00,27,78.0
2021-04-24 22:32:00,-2,93.0
2021-04-24 22:33:00,44,112.0
2021-04-24 22:34:00,40,97.0
2021-04-24 22:35:00,-2,89.0
2021-04-24 22:36:00,-2,113.0
2021-04-24 22:37:00,-2,
2021-04-24 22:38:00,-1,80.0
2021-04-24 22:39:00,20,76.0
2021-04-24 22:40:00,23,70.0
2021-04-24 22:41:00,18,
2021-04-24 22:42:00,19,68.0
2021-04-24 22:43:00,24,
2021-04-24 22:44:00,22,
2021-04-24 22:45:00,21,74.0
2021-04-24 22:46:00,19,69.0
2021-04-24 22:47:00,17,
2021-04-24 22:48:00,19,71.0
2021-04-24 22:49:00,24,72.0
2021-04-24 22:50:00,24,
2021-04-24 22:51:00,24,73.0
2021-04-24 22:52:00,23,75.0
2021-04-24 22:53:00,23,73.0
2021-04-24 22:54:00,24,70.0
2021-04-24 22:55:00,23,69.0
2021-04-24 22:56:00,23,67.0
2021-04-24 22:57:00,22,
2021-04-24 22:58:00,23,
2021-04-24 22:59:00,20,
2021-04-24 23:00:00,23,
